product_id,product_name,category,price,location,tag_id,date_added
PROD_0000,Compatible context-sensitive Graphical User Interface,Books,444.45,Zone_C,TAG_B671-C471-8CF4,2024-10-09
PROD_0001,Expanded eco-centric initiative,Electronics,61.45,Zone_B,TAG_73FE-31E9-C1B7,2025-03-12
PROD_0002,Business-focused dynamic complexity,Furniture,324.08,Zone_B,TAG_D15C-2942-072B,2024-10-09
PROD_0003,Switchable system-worthy website,Electronics,151.97,Zone_B,TAG_5168-13E8-2818,2025-05-04
PROD_0004,Profit-focused regional system engine,Electronics,465.81,Zone_E,TAG_64FA-9D65-FA84,2025-06-18
PROD_0005,Public-key multi-state project,Toys,368.35,Zone_C,TAG_AFC7-FBB7-7D98,2025-02-20
PROD_0006,Visionary zero tolerance conglomeration,Clothing,476.16,Zone_E,TAG_862B-7958-9A56,2025-07-31
PROD_0007,Open-architected dynamic implementation,Toys,45.46,Zone_B,TAG_F3F5-DA91-D304,2025-08-10
PROD_0008,Ameliorated client-driven strategy,Clothing,358.75,Zone_D,TAG_3BAF-8AF0-BFEB,2025-04-28
PROD_0009,Diverse intermediate moratorium,Tools,303.87,Zone_D,TAG_B6E4-88AB-50B3,2025-02-03
PROD_0010,Seamless logistical product,Tools,35.52,Zone_D,TAG_AAA8-396F-054A,2025-02-16
PROD_0011,Organic hybrid Graphic Interface,Books,374.24,Zone_C,TAG_AB22-486C-B8C5,2025-05-04
PROD_0012,Intuitive transitional solution,Tools,302.32,Zone_C,TAG_963B-1F91-BBEB,2025-04-12
PROD_0013,Switchable static utilization,Clothing,284.83,Zone_B,TAG_041A-A383-C2D3,2025-04-09
PROD_0014,De-engineered local migration,Electronics,135.73,Zone_A,TAG_FA0D-E8F4-8CDB,2025-02-01
PROD_0015,Business-focused dynamic hardware,Furniture,182.73,Zone_A,TAG_59C2-EE54-DE03,2024-10-09
PROD_0016,Fully-configurable reciprocal extranet,Books,285.59,Zone_E,TAG_029B-3FC2-7BD4,2024-08-22
PROD_0017,Versatile secondary parallelism,Electronics,19.58,Zone_A,TAG_F264-B9D5-7336,2025-06-25
PROD_0018,Advanced incremental support,Books,481.56,Zone_C,TAG_8949-B78F-807D,2024-12-09
PROD_0019,Seamless needs-based Graphic Interface,Books,430.26,Zone_C,TAG_6332-908F-E30D,2024-08-22
PROD_0020,Open-source tertiary portal,Books,455.15,Zone_E,TAG_0D6D-5AB9-CBA3,2024-09-19
PROD_0021,Upgradable empowering task-force,Books,420.54,Zone_E,TAG_3B3E-4D13-138B,2025-07-19
PROD_0022,Innovative encompassing Graphical User Interface,Toys,151.11,Zone_D,TAG_15BF-3102-5A3E,2025-01-18
PROD_0023,Quality-focused transitional paradigm,Electronics,130.72,Zone_A,TAG_D062-35AF-9BA5,2024-12-05
PROD_0024,Focused web-enabled synergy,Electronics,409.26,Zone_B,TAG_20EA-EB50-A840,2025-07-22
PROD_0025,Monitored object-oriented superstructure,Clothing,451.79,Zone_D,TAG_C959-51A7-C35C,2024-12-03
PROD_0026,Phased user-facing moratorium,Tools,318.66,Zone_D,TAG_9EDF-3A5B-290D,2025-05-29
PROD_0027,Decentralized user-facing projection,Toys,463.97,Zone_D,TAG_9F40-EA59-110F,2025-02-09
PROD_0028,Multi-lateral solution-oriented infrastructure,Clothing,66.41,Zone_E,TAG_3650-E12F-E1CE,2024-09-06
PROD_0029,Universal bi-directional knowledgebase,Furniture,177.63,Zone_E,TAG_145C-5696-FACF,2025-06-26
PROD_0030,Robust multi-tasking firmware,Electronics,143.66,Zone_C,TAG_A381-6BBA-6E71,2025-08-06
PROD_0031,Centralized needs-based pricing structure,Toys,412.46,Zone_B,TAG_C9DC-5CC5-F2C4,2024-10-21
PROD_0032,Seamless executive moratorium,Furniture,468.54,Zone_D,TAG_9658-859D-7227,2025-03-06
PROD_0033,Operative background implementation,Electronics,438.86,Zone_A,TAG_2D60-4E1B-E60D,2024-12-07
PROD_0034,Streamlined web-enabled challenge,Toys,50.12,Zone_D,TAG_CA04-F94C-EC00,2024-08-14
PROD_0035,Vision-oriented actuating forecast,Furniture,453.06,Zone_B,TAG_96E7-8C6A-D994,2025-05-12
PROD_0036,Triple-buffered 24hour extranet,Food,96.47,Zone_B,TAG_08C7-5D03-7EA1,2024-11-10
PROD_0037,Reactive next generation strategy,Tools,219.97,Zone_D,TAG_0539-7077-5E9E,2024-08-31
PROD_0038,Pre-emptive regional architecture,Tools,480.01,Zone_D,TAG_E1CE-2C1A-8ADC,2024-12-14
PROD_0039,Public-key asynchronous implementation,Clothing,124.43,Zone_A,TAG_6D6A-973B-C35B,2024-10-16
PROD_0040,Triple-buffered 24hour hardware,Sports,238.82,Zone_C,TAG_DA53-0C71-DA22,2025-06-19
PROD_0041,Reactive 3rdgeneration knowledgebase,Electronics,350.19,Zone_E,TAG_96B4-00F5-507A,2024-12-13
PROD_0042,Balanced intermediate capacity,Furniture,119.48,Zone_E,TAG_D6D1-3F9C-8DDB,2024-08-19
PROD_0043,Progressive client-server installation,Sports,170.12,Zone_D,TAG_1D86-6EDC-BB10,2025-02-07
PROD_0044,Operative uniform migration,Clothing,148.21,Zone_E,TAG_BA21-CABE-3E20,2025-04-18
PROD_0045,Quality-focused 3rdgeneration portal,Books,450.79,Zone_C,TAG_896B-4D16-7439,2024-09-20
PROD_0046,Operative attitude-oriented benchmark,Tools,128.18,Zone_B,TAG_7907-B262-1B91,2024-11-21
PROD_0047,Expanded mission-critical strategy,Food,269.09,Zone_C,TAG_681B-C3A3-5FD2,2024-11-30
PROD_0048,Implemented mission-critical moratorium,Food,121.77,Zone_B,TAG_8ECD-57CE-99BE,2025-03-11
PROD_0049,Mandatory zero tolerance pricing structure,Tools,252.1,Zone_B,TAG_068D-CB82-B4E7,2025-03-09
PROD_0050,Triple-buffered analyzing interface,Sports,185.5,Zone_C,TAG_8B3B-08FE-C4D1,2025-02-12
PROD_0051,De-engineered incremental framework,Toys,287.95,Zone_C,TAG_C90B-21B4-0626,2024-11-04
PROD_0052,Synchronized bottom-line product,Toys,457.36,Zone_C,TAG_216E-ABD6-EF19,2024-08-26
PROD_0053,Universal fault-tolerant matrix,Books,368.77,Zone_C,TAG_F94A-6109-A618,2024-11-21
PROD_0054,Assimilated even-keeled process improvement,Books,215.51,Zone_E,TAG_A496-4D32-B020,2024-10-08
PROD_0055,Polarized value-added hub,Food,484.06,Zone_D,TAG_F23D-99DA-6F17,2025-02-10
PROD_0056,Multi-tiered multi-tasking application,Clothing,352.47,Zone_A,TAG_44C6-469D-06DC,2025-04-29
PROD_0057,Mandatory didactic infrastructure,Electronics,316.77,Zone_A,TAG_0521-42D4-DC75,2025-05-23
PROD_0058,Re-engineered bandwidth-monitored capacity,Books,439.67,Zone_C,TAG_2286-504F-7DA6,2025-03-28
PROD_0059,Multi-lateral web-enabled product,Tools,154.79,Zone_C,TAG_4816-59EF-EB3E,2025-05-31
PROD_0060,Multi-lateral full-range installation,Clothing,291.52,Zone_A,TAG_D55E-EA0E-84EF,2025-03-01
PROD_0061,Sharable regional leverage,Toys,418.86,Zone_C,TAG_4F53-02A3-9176,2025-01-31
PROD_0062,Public-key logistical service-desk,Sports,147.61,Zone_C,TAG_C71C-5A64-77C6,2025-04-20
PROD_0063,Reduced object-oriented knowledge user,Books,83.21,Zone_E,TAG_62CB-ADAB-D1B2,2024-12-06
PROD_0064,Open-source coherent complexity,Furniture,446.01,Zone_B,TAG_7FF2-A7B7-E0C9,2025-07-31
PROD_0065,Seamless coherent knowledgebase,Clothing,81.68,Zone_B,TAG_CF62-CF18-F63C,2025-02-11
PROD_0066,Enhanced value-added customer loyalty,Electronics,251.27,Zone_C,TAG_8C7F-21E2-559D,2025-04-05
PROD_0067,Managed dedicated structure,Sports,16.5,Zone_B,TAG_17AC-D771-5762,2025-02-19
PROD_0068,Public-key demand-driven service-desk,Books,442.1,Zone_B,TAG_B7B0-7DB1-8905,2024-10-12
PROD_0069,Intuitive next generation product,Furniture,171.64,Zone_E,TAG_09EC-294E-B8BC,2025-03-28
PROD_0070,Business-focused grid-enabled policy,Furniture,458.43,Zone_E,TAG_D6EF-E9C1-46F5,2024-09-02
PROD_0071,Multi-layered systemic capability,Sports,433.87,Zone_A,TAG_BDB3-F19E-AC52,2025-07-31
PROD_0072,Compatible leadingedge intranet,Electronics,472.95,Zone_E,TAG_CB10-7753-A062,2024-12-01
PROD_0073,Upgradable value-added adapter,Furniture,443.11,Zone_A,TAG_0F28-AAD2-8B1D,2025-05-21
PROD_0074,Automated zero administration data-warehouse,Furniture,177.94,Zone_D,TAG_8431-E44E-F077,2025-05-16
PROD_0075,Inverse executive algorithm,Furniture,356.89,Zone_C,TAG_8FA9-D427-DB5E,2025-05-14
PROD_0076,Cloned 5thgeneration encryption,Electronics,79.94,Zone_A,TAG_02A0-081A-816F,2024-09-14
PROD_0077,Expanded tertiary open architecture,Sports,109.41,Zone_A,TAG_4FE7-8B23-AD25,2025-02-21
PROD_0078,Switchable leadingedge policy,Tools,72.62,Zone_A,TAG_F1B4-C551-FE91,2024-09-15
PROD_0079,Quality-focused dynamic time-frame,Food,92.14,Zone_A,TAG_01F5-ACFA-1B48,2024-11-30
PROD_0080,Optional system-worthy collaboration,Furniture,277.45,Zone_B,TAG_D037-0DB8-0086,2025-05-30
PROD_0081,Horizontal systemic alliance,Sports,192.18,Zone_E,TAG_734E-12BA-5CCC,2025-03-11
PROD_0082,Horizontal 24/7 Graphical User Interface,Sports,153.26,Zone_A,TAG_481C-777A-F021,2025-07-19
PROD_0083,Adaptive intangible extranet,Clothing,306.46,Zone_C,TAG_B32B-5E58-4B05,2025-07-02
PROD_0084,Centralized 24/7 product,Electronics,216.23,Zone_D,TAG_BAC1-9387-F5A1,2025-07-10
PROD_0085,Up-sized methodical archive,Electronics,446.12,Zone_B,TAG_CFCC-53A4-F808,2025-06-10
PROD_0086,Phased zero tolerance architecture,Sports,304.98,Zone_C,TAG_90D9-E61A-7468,2025-01-02
PROD_0087,Object-based encompassing paradigm,Sports,458.53,Zone_C,TAG_F85E-58E0-9258,2025-06-28
PROD_0088,Configurable maximized adapter,Books,119.3,Zone_E,TAG_C0B9-0EF8-9A23,2025-02-13
PROD_0089,Phased optimal orchestration,Toys,334.86,Zone_E,TAG_E001-D479-1001,2025-07-20
PROD_0090,Optional analyzing initiative,Electronics,45.93,Zone_E,TAG_E3C2-B7EF-FCBC,2025-02-26
PROD_0091,Operative interactive focus group,Food,125.76,Zone_D,TAG_E53A-21F2-9A29,2025-05-30
PROD_0092,Ergonomic holistic methodology,Books,307.52,Zone_C,TAG_2AA8-7089-1FEE,2025-07-10
PROD_0093,Innovative logistical website,Furniture,81.92,Zone_A,TAG_9135-C560-47E9,2025-05-15
PROD_0094,Reduced 4thgeneration attitude,Tools,356.56,Zone_D,TAG_B038-B677-098E,2025-06-01
PROD_0095,Digitized asymmetric capability,Sports,187.24,Zone_C,TAG_B1D1-B200-665B,2025-05-07
PROD_0096,Streamlined secondary protocol,Tools,300.08,Zone_B,TAG_3C00-E87A-AA3B,2024-12-30
PROD_0097,De-engineered national analyzer,Furniture,242.68,Zone_D,TAG_F02B-52D8-249D,2025-01-01
PROD_0098,Realigned tertiary installation,Tools,343.47,Zone_E,TAG_3108-2E36-C430,2024-10-31
PROD_0099,Cross-platform user-facing framework,Books,93.97,Zone_E,TAG_2C78-0139-C3F4,2024-10-11
PROD_0100,Persevering well-modulated frame,Sports,26.38,Zone_A,TAG_83F2-EC60-57B3,2024-08-26
PROD_0101,Compatible asymmetric model,Furniture,198.56,Zone_D,TAG_B9C4-0554-D16E,2024-08-26
PROD_0102,Total incremental time-frame,Books,285.76,Zone_C,TAG_9D5D-5C45-8703,2025-06-07
PROD_0103,Self-enabling bandwidth-monitored installation,Tools,147.36,Zone_C,TAG_255E-DB01-98DB,2025-05-26
PROD_0104,De-engineered 5thgeneration capability,Sports,284.09,Zone_A,TAG_682D-5623-45D8,2024-09-27
PROD_0105,Fully-configurable zero administration data-warehouse,Food,128.29,Zone_A,TAG_248E-88FD-0143,2025-03-09
PROD_0106,Managed mobile data-warehouse,Furniture,246.82,Zone_A,TAG_9F52-AF9C-8CCA,2025-08-02
PROD_0107,Object-based disintermediate hardware,Sports,251.07,Zone_B,TAG_5279-C413-524A,2025-01-11
PROD_0108,Reverse-engineered bi-directional moratorium,Clothing,121.67,Zone_E,TAG_4872-2B0D-1FFD,2024-12-09
PROD_0109,Cross-group composite knowledgebase,Food,252.61,Zone_B,TAG_269F-DB3D-BDDD,2024-12-27
PROD_0110,Exclusive clear-thinking open system,Clothing,295.57,Zone_C,TAG_28C8-1C67-5FAC,2025-04-28
PROD_0111,Up-sized content-based emulation,Furniture,358.23,Zone_B,TAG_B283-B9F6-29CA,2024-10-13
PROD_0112,Profound bandwidth-monitored hub,Toys,377.73,Zone_D,TAG_7992-79A6-5219,2025-01-02
PROD_0113,Sharable stable structure,Toys,17.96,Zone_E,TAG_0E7E-305B-C5DA,2025-01-10
PROD_0114,Devolved foreground flexibility,Electronics,413.17,Zone_D,TAG_BFCD-39DE-9EAA,2024-09-27
PROD_0115,User-centric regional ability,Books,169.63,Zone_C,TAG_8C41-BA0C-944B,2025-07-15
PROD_0116,Synergized optimizing function,Sports,299.77,Zone_A,TAG_BAA4-B9DA-1273,2024-12-12
PROD_0117,Automated 6thgeneration complexity,Sports,75.52,Zone_D,TAG_3793-ADEE-6CFE,2025-02-16
PROD_0118,Triple-buffered real-time strategy,Sports,261.84,Zone_A,TAG_44BE-7E3E-0DA8,2025-01-31
PROD_0119,Automated user-facing hierarchy,Clothing,103.8,Zone_B,TAG_EE84-533F-5669,2025-08-02
PROD_0120,Integrated upward-trending emulation,Electronics,264.46,Zone_D,TAG_D262-7D99-EEC4,2025-03-26
PROD_0121,Cross-platform client-driven collaboration,Books,135.53,Zone_E,TAG_2F08-CAA9-C184,2024-10-03
PROD_0122,Ergonomic multimedia portal,Food,43.25,Zone_A,TAG_8B98-79A2-80EC,2024-09-14
PROD_0123,Progressive fault-tolerant policy,Toys,439.03,Zone_A,TAG_557E-6860-A333,2025-03-29
PROD_0124,Open-source incremental methodology,Electronics,157.14,Zone_B,TAG_4492-9E76-B950,2025-04-18
PROD_0125,Reverse-engineered web-enabled knowledgebase,Sports,139.66,Zone_E,TAG_598D-E6EA-E31A,2025-04-26
PROD_0126,Public-key intermediate project,Toys,45.28,Zone_D,TAG_D30A-5D6D-D23F,2024-09-09
PROD_0127,Configurable asymmetric Graphical User Interface,Sports,428.62,Zone_E,TAG_B25C-D741-959C,2025-01-17
PROD_0128,User-centric incremental monitoring,Toys,189.0,Zone_C,TAG_8FFB-DAF7-EE41,2025-02-19
PROD_0129,Enterprise-wide neutral groupware,Electronics,76.23,Zone_A,TAG_AA0B-C41E-CF96,2024-09-06
PROD_0130,Configurable tangible benchmark,Clothing,406.18,Zone_C,TAG_24C9-6AE4-6C35,2025-06-12
PROD_0131,Right-sized demand-driven service-desk,Tools,179.44,Zone_D,TAG_CF6A-B7FD-E49F,2025-05-27
PROD_0132,Object-based well-modulated hub,Books,73.94,Zone_D,TAG_7DB0-9C10-3556,2025-06-19
PROD_0133,Digitized homogeneous encryption,Clothing,331.21,Zone_C,TAG_3D22-7CD0-405C,2024-12-22
PROD_0134,Multi-layered hybrid open system,Tools,496.54,Zone_D,TAG_9436-7F8E-24E3,2025-07-22
PROD_0135,Vision-oriented logistical process improvement,Food,46.78,Zone_E,TAG_3E3A-2657-0BB2,2025-03-28
PROD_0136,Virtual bandwidth-monitored portal,Furniture,478.91,Zone_D,TAG_8AD8-99CF-6015,2025-04-04
PROD_0137,Streamlined system-worthy complexity,Books,184.4,Zone_A,TAG_E1A6-61F4-F789,2024-12-28
PROD_0138,Future-proofed asymmetric matrix,Food,376.86,Zone_E,TAG_836D-C2D1-9FED,2025-07-15
PROD_0139,Re-contextualized content-based utilization,Clothing,356.67,Zone_A,TAG_3A93-630B-D11F,2025-01-21
PROD_0140,Inverse optimizing conglomeration,Electronics,472.47,Zone_E,TAG_97F9-1AE6-A770,2025-01-03
PROD_0141,De-engineered leadingedge software,Food,440.1,Zone_E,TAG_0F71-673D-1289,2025-06-28
PROD_0142,Advanced logistical policy,Toys,188.56,Zone_C,TAG_156F-850B-EF71,2025-03-28
PROD_0143,Sharable analyzing product,Toys,288.75,Zone_C,TAG_D6DB-1E72-4083,2025-06-23
PROD_0144,Fundamental composite superstructure,Food,327.72,Zone_A,TAG_05C0-D0B2-7048,2024-11-04
PROD_0145,Networked foreground workforce,Food,321.81,Zone_B,TAG_8191-EA5E-951C,2025-05-14
PROD_0146,Face-to-face well-modulated encoding,Sports,455.42,Zone_D,TAG_AFBB-8AA0-C90E,2025-01-28
PROD_0147,Fundamental bifurcated conglomeration,Sports,65.31,Zone_A,TAG_D1A6-77F8-EB82,2025-07-04
PROD_0148,Future-proofed national middleware,Clothing,102.66,Zone_A,TAG_AD99-1EB8-8B14,2025-08-09
PROD_0149,Switchable dynamic solution,Books,23.97,Zone_C,TAG_774C-0380-BE6D,2025-07-20
PROD_0150,Multi-lateral stable hierarchy,Furniture,125.99,Zone_A,TAG_736E-3DF4-068D,2025-06-21
PROD_0151,Cloned national hierarchy,Furniture,364.55,Zone_B,TAG_E139-BA15-4D9B,2025-01-06
PROD_0152,Enhanced reciprocal functionalities,Electronics,34.08,Zone_D,TAG_182B-7643-A23F,2025-07-06
PROD_0153,Robust regional algorithm,Furniture,26.29,Zone_C,TAG_8D40-CBD9-2DFB,2024-09-19
PROD_0154,De-engineered asymmetric hierarchy,Furniture,184.73,Zone_D,TAG_CFAF-068A-11E2,2024-09-07
PROD_0155,Total explicit workforce,Sports,341.9,Zone_C,TAG_97CE-934F-D997,2024-11-04
PROD_0156,Enhanced bifurcated capacity,Food,402.53,Zone_B,TAG_F55A-09DF-1D81,2025-08-08
PROD_0157,Visionary reciprocal database,Furniture,352.79,Zone_B,TAG_7221-D4EE-DDB8,2025-03-31
PROD_0158,Cross-platform multimedia moratorium,Clothing,345.73,Zone_B,TAG_31E5-F610-D37D,2024-11-27
PROD_0159,Integrated demand-driven orchestration,Electronics,159.89,Zone_B,TAG_331C-BE35-4E03,2024-12-24
PROD_0160,Sharable bandwidth-monitored workforce,Sports,362.5,Zone_D,TAG_2DFE-2EE0-6375,2025-02-04
PROD_0161,Up-sized regional knowledge user,Toys,40.42,Zone_B,TAG_41DD-762D-AEE1,2025-08-08
PROD_0162,Customizable solution-oriented capacity,Clothing,356.8,Zone_C,TAG_179E-137B-320B,2024-10-27
PROD_0163,Networked national architecture,Food,258.09,Zone_A,TAG_91A3-E801-A8BE,2025-05-22
PROD_0164,Ameliorated logistical secured line,Books,416.05,Zone_B,TAG_90E8-27ED-A13E,2025-02-19
PROD_0165,Decentralized systematic database,Toys,463.42,Zone_C,TAG_CED2-C340-CA97,2025-07-09
PROD_0166,Exclusive directional groupware,Toys,400.85,Zone_A,TAG_7FCC-6E27-1E38,2024-12-10
PROD_0167,Synergistic modular contingency,Clothing,147.06,Zone_A,TAG_60A9-20D2-DC20,2025-05-22
PROD_0168,Horizontal motivating process improvement,Sports,334.76,Zone_E,TAG_791D-45AB-D193,2024-10-18
PROD_0169,Versatile motivating policy,Furniture,499.88,Zone_C,TAG_9179-A7AE-B211,2025-07-11
PROD_0170,Digitized disintermediate orchestration,Food,456.51,Zone_B,TAG_A75D-19EA-39EA,2024-10-20
PROD_0171,Right-sized dynamic service-desk,Furniture,41.83,Zone_E,TAG_0E21-8D62-888F,2025-04-23
PROD_0172,Pre-emptive 24/7 solution,Food,341.88,Zone_C,TAG_E540-F21C-E327,2025-01-28
PROD_0173,Cross-platform disintermediate hierarchy,Clothing,435.67,Zone_A,TAG_23CC-EAF2-B6E1,2025-06-02
PROD_0174,Vision-oriented asymmetric architecture,Electronics,440.84,Zone_B,TAG_41B4-D5B2-FD24,2025-04-01
PROD_0175,Visionary asynchronous Internet solution,Sports,238.08,Zone_A,TAG_EF38-3131-7B26,2024-12-29
PROD_0176,Balanced non-volatile budgetary management,Furniture,378.86,Zone_E,TAG_3932-B4D7-2BEC,2025-04-01
PROD_0177,Inverse motivating utilization,Toys,161.71,Zone_D,TAG_21DA-B95F-AD28,2025-08-05
PROD_0178,Intuitive logistical portal,Clothing,458.75,Zone_E,TAG_7F19-E2A6-6598,2024-12-21
PROD_0179,Re-engineered human-resource archive,Furniture,57.67,Zone_E,TAG_887E-F4F3-5C98,2024-10-14
PROD_0180,Open-source 24/7 time-frame,Food,346.88,Zone_C,TAG_885D-46D8-AE6B,2025-05-08
PROD_0181,Networked demand-driven core,Food,106.84,Zone_A,TAG_6B17-2131-323A,2025-07-25
PROD_0182,Function-based content-based portal,Furniture,113.77,Zone_D,TAG_8202-2B95-8245,2024-12-08
PROD_0183,Customizable bi-directional Internet solution,Food,47.38,Zone_A,TAG_6A89-6EA3-3EE8,2024-10-24
PROD_0184,Robust human-resource methodology,Sports,302.13,Zone_C,TAG_0305-8CC9-3F42,2025-02-12
PROD_0185,Right-sized grid-enabled neural-net,Sports,361.75,Zone_E,TAG_F920-F1B5-958C,2024-09-21
PROD_0186,Balanced optimal hub,Sports,244.77,Zone_C,TAG_0580-2847-08CE,2025-06-27
PROD_0187,Programmable full-range methodology,Food,213.82,Zone_E,TAG_7C75-2642-D666,2024-11-16
PROD_0188,Visionary logistical firmware,Electronics,203.8,Zone_C,TAG_4D9C-4D24-1FAF,2025-02-22
PROD_0189,Realigned radical knowledgebase,Food,128.48,Zone_A,TAG_7534-A9D4-26F9,2024-12-19
PROD_0190,Robust radical contingency,Food,134.68,Zone_E,TAG_4FE7-EBA8-21C5,2025-05-17
PROD_0191,Triple-buffered static approach,Electronics,488.2,Zone_E,TAG_8B22-FD86-E95F,2024-09-01
PROD_0192,Public-key transitional support,Books,204.2,Zone_D,TAG_C122-5F52-F3FC,2025-03-07
PROD_0193,Extended systematic extranet,Toys,466.23,Zone_D,TAG_3583-93FA-A6D9,2024-10-17
PROD_0194,Up-sized actuating moderator,Furniture,164.29,Zone_A,TAG_508B-0AB7-A8AC,2025-07-01
PROD_0195,Stand-alone asynchronous initiative,Food,487.98,Zone_D,TAG_D280-7353-6A5D,2025-05-31
PROD_0196,Customizable national pricing structure,Electronics,299.98,Zone_C,TAG_49FD-FE3E-4733,2025-08-12
PROD_0197,Implemented motivating parallelism,Electronics,276.05,Zone_B,TAG_EFC4-AA6C-AF79,2025-08-10
PROD_0198,Re-contextualized value-added support,Food,375.09,Zone_B,TAG_2633-A533-0B89,2024-09-08
PROD_0199,Extended methodical definition,Books,131.59,Zone_B,TAG_E5EB-AEDA-C6EE,2024-08-19
PROD_0200,Configurable system-worthy structure,Books,311.32,Zone_A,TAG_BF99-3897-8EDB,2025-05-11
PROD_0201,Networked object-oriented success,Toys,29.15,Zone_C,TAG_3587-343F-1FDA,2025-02-26
PROD_0202,Seamless executive collaboration,Electronics,214.16,Zone_E,TAG_C1B8-AE25-A3B9,2025-03-14
PROD_0203,Synergized empowering leverage,Food,430.69,Zone_C,TAG_18EC-61A2-79E4,2025-06-11
PROD_0204,Customer-focused actuating application,Tools,254.82,Zone_D,TAG_A263-D2FB-11FD,2025-06-26
PROD_0205,Future-proofed mobile focus group,Furniture,431.56,Zone_A,TAG_70CB-6164-6576,2025-04-19
PROD_0206,Polarized fresh-thinking artificial intelligence,Furniture,218.39,Zone_E,TAG_8547-64BF-F7D6,2024-09-09
PROD_0207,Diverse 24/7 core,Furniture,71.55,Zone_E,TAG_0BD4-290C-86AE,2024-10-19
PROD_0208,Multi-lateral didactic moratorium,Food,38.69,Zone_C,TAG_930E-204B-F1E0,2025-05-17
PROD_0209,Versatile zero tolerance system engine,Clothing,278.65,Zone_A,TAG_1E0D-D8B8-43F8,2025-04-17
PROD_0210,Pre-emptive neutral success,Clothing,337.07,Zone_B,TAG_CA36-30B4-B358,2024-08-22
PROD_0211,Adaptive mission-critical intranet,Furniture,17.83,Zone_D,TAG_873D-1EBD-B9D4,2025-03-13
PROD_0212,Customizable needs-based emulation,Books,281.79,Zone_B,TAG_9101-3EEA-AAFE,2025-04-04
PROD_0213,Profit-focused global frame,Tools,315.11,Zone_D,TAG_176E-C307-5519,2025-04-05
PROD_0214,Realigned tertiary product,Electronics,405.18,Zone_D,TAG_CC5B-892E-524D,2025-02-04
PROD_0215,Integrated exuding synergy,Food,147.33,Zone_D,TAG_BF06-01DE-07F3,2024-08-25
PROD_0216,Realigned full-range neural-net,Sports,310.66,Zone_A,TAG_745A-8EF9-6F02,2025-06-30
PROD_0217,Organized grid-enabled complexity,Electronics,228.9,Zone_A,TAG_1046-B011-393A,2025-01-05
PROD_0218,Object-based directional archive,Furniture,235.23,Zone_C,TAG_8371-4E92-079F,2025-02-23
PROD_0219,Stand-alone context-sensitive methodology,Toys,372.03,Zone_E,TAG_AF4D-1B50-73C0,2024-12-29
PROD_0220,Synergized local parallelism,Toys,106.77,Zone_C,TAG_5F68-1585-C8BC,2024-08-25
PROD_0221,Versatile multimedia secured line,Electronics,105.16,Zone_A,TAG_2487-3310-522E,2025-06-14
PROD_0222,Grass-roots client-driven conglomeration,Toys,167.81,Zone_A,TAG_BB95-0043-70A5,2025-04-08
PROD_0223,Realigned zero-defect instruction set,Tools,90.66,Zone_B,TAG_92A3-8542-5656,2024-10-05
PROD_0224,Total object-oriented frame,Tools,301.07,Zone_C,TAG_3F62-CC15-5769,2025-02-03
PROD_0225,Cross-platform actuating task-force,Sports,32.76,Zone_A,TAG_3DEB-8A77-B027,2025-03-24
PROD_0226,Realigned human-resource parallelism,Clothing,36.9,Zone_B,TAG_35CB-6462-1D21,2024-09-13
PROD_0227,Multi-lateral hybrid concept,Sports,57.76,Zone_B,TAG_0E24-C426-EE4B,2025-03-25
PROD_0228,Profit-focused reciprocal productivity,Clothing,238.76,Zone_C,TAG_4AC6-AC53-B2D8,2024-08-20
PROD_0229,Managed mission-critical standardization,Food,36.49,Zone_B,TAG_1FBA-E61E-84AF,2025-07-14
PROD_0230,Vision-oriented disintermediate groupware,Toys,201.16,Zone_E,TAG_8FDD-4A8B-15C6,2025-05-22
PROD_0231,Up-sized coherent capacity,Clothing,441.6,Zone_B,TAG_74AB-89C8-E26B,2025-01-09
PROD_0232,Configurable discrete complexity,Toys,443.2,Zone_B,TAG_5326-2A2B-491D,2025-04-01
PROD_0233,Balanced grid-enabled capability,Toys,385.26,Zone_A,TAG_63AB-BC62-27D7,2025-08-12
PROD_0234,Automated analyzing attitude,Toys,468.64,Zone_B,TAG_9DA9-75BF-B16D,2024-09-28
PROD_0235,Secured asymmetric strategy,Furniture,443.07,Zone_D,TAG_67BF-567F-F714,2025-05-12
PROD_0236,Pre-emptive actuating architecture,Clothing,337.81,Zone_A,TAG_B22E-FA3E-7FFB,2025-01-03
PROD_0237,Profit-focused encompassing migration,Tools,61.67,Zone_B,TAG_941C-76AE-3FAA,2025-01-19
PROD_0238,Intuitive zero-defect Internet solution,Toys,26.69,Zone_C,TAG_44E0-5A5D-8894,2025-02-17
PROD_0239,Stand-alone zero tolerance frame,Food,434.3,Zone_A,TAG_E829-DB93-66A8,2024-10-18
PROD_0240,Self-enabling bandwidth-monitored Internet solution,Toys,464.4,Zone_E,TAG_5D73-2745-DE12,2024-11-04
PROD_0241,Synergistic disintermediate framework,Food,133.38,Zone_A,TAG_44B1-A719-A3C1,2025-02-01
PROD_0242,Reverse-engineered full-range core,Electronics,18.04,Zone_A,TAG_DF98-8318-D564,2025-08-12
PROD_0243,De-engineered analyzing intranet,Books,460.93,Zone_B,TAG_43DD-70C8-2687,2024-12-22
PROD_0244,Monitored user-facing framework,Tools,332.02,Zone_A,TAG_7466-25BD-B4EF,2024-11-22
PROD_0245,Organized uniform superstructure,Sports,404.9,Zone_D,TAG_3C86-884B-15B7,2024-09-02
PROD_0246,Assimilated mobile strategy,Clothing,300.75,Zone_C,TAG_AEDB-4BAC-A3D8,2025-03-22
PROD_0247,Visionary incremental neural-net,Sports,241.71,Zone_A,TAG_1A4D-E3E9-3059,2024-12-09
PROD_0248,Ergonomic impactful projection,Food,96.52,Zone_C,TAG_EDAD-B042-6777,2024-10-06
PROD_0249,Re-contextualized human-resource challenge,Clothing,291.35,Zone_D,TAG_8FD0-7CD3-F3FA,2024-12-17
PROD_0250,Intuitive secondary application,Toys,292.0,Zone_C,TAG_03AC-50CF-03BE,2025-04-08
PROD_0251,Cross-platform multi-tasking definition,Books,300.5,Zone_B,TAG_E9AE-3474-F3A9,2025-08-03
PROD_0252,Open-architected radical open architecture,Food,345.95,Zone_E,TAG_E753-7C40-6222,2025-08-07
PROD_0253,Triple-buffered exuding array,Sports,75.41,Zone_C,TAG_38B0-04C9-F20B,2025-03-19
PROD_0254,Diverse asynchronous focus group,Food,274.44,Zone_E,TAG_5FA6-8DD1-974D,2025-03-24
PROD_0255,Quality-focused asymmetric customer loyalty,Tools,458.49,Zone_C,TAG_D544-9C20-8C29,2024-10-01
PROD_0256,Virtual hybrid monitoring,Tools,458.66,Zone_B,TAG_80DF-B5AD-012D,2025-02-03
PROD_0257,Advanced background infrastructure,Food,439.22,Zone_A,TAG_4051-D714-A6BD,2025-04-18
PROD_0258,Robust homogeneous Local Area Network,Clothing,239.36,Zone_E,TAG_90E2-EC87-9FC3,2024-12-16
PROD_0259,Horizontal uniform framework,Sports,321.44,Zone_B,TAG_A8C6-3318-D372,2024-10-18
PROD_0260,Secured disintermediate capacity,Books,34.51,Zone_A,TAG_47FC-A36E-660C,2025-02-26
PROD_0261,Adaptive user-facing database,Furniture,130.43,Zone_E,TAG_B188-8BA9-A025,2025-04-27
PROD_0262,Ergonomic eco-centric moderator,Furniture,30.48,Zone_C,TAG_AC49-2419-F236,2025-07-27
PROD_0263,Devolved heuristic contingency,Food,396.11,Zone_C,TAG_D7AA-377F-6AB8,2025-03-02
PROD_0264,Polarized 6thgeneration encryption,Furniture,371.89,Zone_B,TAG_22D4-40D9-222C,2025-01-07
PROD_0265,Optional intangible implementation,Books,40.69,Zone_D,TAG_ABE0-B28F-D705,2025-04-23
PROD_0266,Up-sized dedicated secured line,Food,494.87,Zone_B,TAG_A87C-E9EA-084C,2024-09-17
PROD_0267,Optimized contextually-based customer loyalty,Food,381.98,Zone_C,TAG_BC12-9589-29D8,2024-09-21
PROD_0268,Profit-focused logistical forecast,Tools,246.72,Zone_E,TAG_0F67-812A-0716,2025-07-22
PROD_0269,Right-sized object-oriented architecture,Food,289.72,Zone_E,TAG_976D-54EE-4D17,2025-01-17
PROD_0270,Integrated hybrid superstructure,Food,200.16,Zone_E,TAG_7417-3524-B9C9,2025-04-22
PROD_0271,Organized upward-trending open architecture,Books,449.63,Zone_A,TAG_9643-1DBF-DFD9,2024-11-15
PROD_0272,Fully-configurable background productivity,Food,85.64,Zone_B,TAG_3266-99F6-AB6F,2024-11-10
PROD_0273,Front-line explicit groupware,Clothing,214.51,Zone_A,TAG_00B6-9118-9D2A,2024-09-16
PROD_0274,Cross-platform dynamic firmware,Tools,339.34,Zone_D,TAG_AC3E-19B0-65D4,2025-07-03
PROD_0275,Ameliorated object-oriented application,Toys,275.77,Zone_B,TAG_31B4-3218-908A,2024-08-28
PROD_0276,Cross-group user-facing help-desk,Tools,200.42,Zone_A,TAG_BA42-41C2-4BA3,2025-06-13
PROD_0277,Virtual asynchronous software,Clothing,157.75,Zone_E,TAG_170F-CFE1-BFFF,2024-09-14
PROD_0278,Fundamental systematic database,Books,309.92,Zone_B,TAG_60EC-AC4A-F32B,2025-07-05
PROD_0279,Up-sized contextually-based service-desk,Tools,392.53,Zone_C,TAG_6B4F-0F67-1065,2024-08-27
PROD_0280,Cloned optimal hardware,Electronics,317.72,Zone_C,TAG_35FF-7860-144B,2024-09-05
PROD_0281,Sharable tertiary service-desk,Furniture,56.52,Zone_E,TAG_C1F4-A7FC-D26F,2025-05-15
PROD_0282,Multi-tiered zero tolerance forecast,Furniture,450.93,Zone_A,TAG_8400-FE03-EE87,2025-08-06
PROD_0283,Customer-focused attitude-oriented interface,Tools,277.99,Zone_D,TAG_4A1F-84A5-EE87,2024-09-28
PROD_0284,Managed client-driven process improvement,Books,213.24,Zone_D,TAG_2423-3B50-3DA5,2025-08-04
PROD_0285,Business-focused user-facing customer loyalty,Food,269.17,Zone_C,TAG_F4C5-DCF9-B55A,2024-12-25
PROD_0286,Cloned 24hour infrastructure,Toys,306.42,Zone_C,TAG_2E5D-EDBC-9651,2024-09-11
PROD_0287,Robust interactive challenge,Toys,164.5,Zone_E,TAG_A4FC-6394-BE5F,2025-06-23
PROD_0288,Triple-buffered 3rdgeneration concept,Tools,143.59,Zone_B,TAG_E73D-7AC2-773B,2025-06-27
PROD_0289,Multi-channeled modular solution,Tools,206.59,Zone_C,TAG_CF15-FD9C-8784,2025-04-19
PROD_0290,Proactive hybrid core,Sports,344.43,Zone_B,TAG_7CE3-AB87-E095,2025-03-23
PROD_0291,Synchronized methodical throughput,Clothing,394.85,Zone_C,TAG_5597-4A64-6018,2024-10-29
PROD_0292,Switchable coherent knowledgebase,Sports,252.5,Zone_D,TAG_D615-A5A4-E04E,2024-09-06
PROD_0293,Configurable bifurcated approach,Electronics,119.09,Zone_E,TAG_B7AF-959E-A572,2024-11-11
PROD_0294,Cross-platform asymmetric hardware,Sports,44.34,Zone_E,TAG_D910-425C-F54E,2024-09-18
PROD_0295,Exclusive 3rdgeneration algorithm,Clothing,334.55,Zone_B,TAG_ECC1-5FFA-60B0,2025-02-13
PROD_0296,Visionary secondary algorithm,Clothing,162.47,Zone_D,TAG_17F8-BEAC-C9A9,2025-05-29
PROD_0297,Open-architected neutral algorithm,Food,190.6,Zone_D,TAG_34F9-E31F-FF29,2024-12-03
PROD_0298,Advanced didactic Local Area Network,Tools,445.26,Zone_E,TAG_7080-31E1-8038,2024-08-30
PROD_0299,Persistent transitional throughput,Clothing,348.12,Zone_B,TAG_44C9-A803-E57A,2025-03-19
PROD_0300,Object-based user-facing ability,Food,121.53,Zone_B,TAG_960F-E33B-E843,2024-12-25
PROD_0301,User-friendly upward-trending structure,Toys,316.41,Zone_E,TAG_D4E8-7235-1A93,2024-12-24
PROD_0302,User-friendly client-driven knowledgebase,Clothing,385.9,Zone_A,TAG_2B58-C76F-2F43,2025-05-06
PROD_0303,Synchronized mission-critical help-desk,Clothing,28.53,Zone_D,TAG_DF4A-A9B7-2801,2024-09-13
PROD_0304,Function-based intermediate capacity,Toys,171.19,Zone_C,TAG_70D9-EAF2-B2D4,2025-04-07
PROD_0305,Quality-focused explicit synergy,Toys,396.24,Zone_D,TAG_AF93-2B53-DE1D,2025-07-09
PROD_0306,Object-based radical middleware,Electronics,140.31,Zone_D,TAG_5D8A-A572-2261,2025-01-16
PROD_0307,Object-based homogeneous utilization,Toys,293.14,Zone_D,TAG_42BD-C343-8F3D,2024-08-17
PROD_0308,Decentralized methodical neural-net,Electronics,483.72,Zone_D,TAG_AAAF-ACF0-0711,2024-11-09
PROD_0309,Pre-emptive clear-thinking process improvement,Toys,424.46,Zone_B,TAG_5C78-10A0-B2D9,2025-02-13
PROD_0310,Proactive fault-tolerant benchmark,Food,318.67,Zone_D,TAG_523C-39C3-B178,2024-08-26
PROD_0311,Right-sized dynamic paradigm,Furniture,64.64,Zone_E,TAG_DACA-019D-755F,2024-11-25
PROD_0312,Phased multimedia challenge,Food,180.88,Zone_B,TAG_F0C5-2AF9-00F6,2025-04-20
PROD_0313,Reactive needs-based forecast,Food,385.88,Zone_A,TAG_372D-E870-9EDB,2025-03-16
PROD_0314,User-friendly high-level initiative,Books,20.24,Zone_B,TAG_7912-F7E4-0A81,2024-11-21
PROD_0315,Future-proofed 3rdgeneration frame,Electronics,476.06,Zone_E,TAG_AF81-EC38-5318,2025-05-01
PROD_0316,Exclusive user-facing database,Toys,377.61,Zone_D,TAG_0254-B7F1-38E2,2024-08-30
PROD_0317,Re-contextualized regional methodology,Electronics,281.4,Zone_D,TAG_9A43-4B60-449F,2024-10-08
PROD_0318,Secured non-volatile functionalities,Toys,288.44,Zone_D,TAG_7DA5-9405-471D,2025-06-06
PROD_0319,Object-based static forecast,Books,278.7,Zone_C,TAG_7872-AC70-4638,2024-09-29
PROD_0320,Versatile neutral adapter,Books,420.01,Zone_D,TAG_7181-0D3C-A714,2024-12-20
PROD_0321,Organized multi-state definition,Electronics,14.45,Zone_D,TAG_C715-014A-C6AA,2025-01-06
PROD_0322,Function-based contextually-based conglomeration,Sports,249.96,Zone_E,TAG_6DB8-73E4-8317,2024-08-19
PROD_0323,Exclusive content-based architecture,Furniture,382.61,Zone_E,TAG_20E1-4205-0C3C,2025-06-16
PROD_0324,Extended systemic synergy,Electronics,139.55,Zone_E,TAG_A3BF-4A2B-2DD4,2025-07-13
PROD_0325,Managed leadingedge software,Furniture,251.62,Zone_D,TAG_E7E0-E51F-2842,2024-10-12
PROD_0326,Mandatory stable workforce,Food,214.93,Zone_A,TAG_BE74-FE86-F934,2025-01-04
PROD_0327,Enterprise-wide human-resource artificial intelligence,Books,496.25,Zone_B,TAG_BD73-6CC1-85DF,2025-05-25
PROD_0328,Robust modular implementation,Electronics,460.48,Zone_A,TAG_242A-CFD9-AEEE,2025-07-30
PROD_0329,Optimized intermediate hardware,Tools,295.95,Zone_D,TAG_94AF-8819-BB28,2025-01-14
PROD_0330,Extended object-oriented core,Furniture,312.34,Zone_D,TAG_1F81-146E-DF72,2025-02-07
PROD_0331,Inverse modular moderator,Electronics,305.87,Zone_B,TAG_43C7-A3E1-F5F6,2025-02-26
PROD_0332,Function-based zero-defect Graphic Interface,Books,371.0,Zone_A,TAG_B00D-C576-CA5E,2025-05-12
PROD_0333,Down-sized composite core,Electronics,159.97,Zone_B,TAG_E883-7E05-A2FA,2024-11-07
PROD_0334,Realigned heuristic emulation,Clothing,491.08,Zone_C,TAG_C9DD-77A5-7CE4,2024-10-26
PROD_0335,Reverse-engineered composite challenge,Food,122.38,Zone_E,TAG_0190-C2D2-6C68,2025-03-13
PROD_0336,Operative zero tolerance open system,Books,129.33,Zone_E,TAG_E234-52EB-1129,2025-05-28
PROD_0337,Vision-oriented grid-enabled utilization,Tools,413.52,Zone_D,TAG_3565-9196-0330,2025-05-26
PROD_0338,Decentralized background protocol,Tools,40.79,Zone_B,TAG_3274-EB21-EADB,2024-11-10
PROD_0339,Synergistic secondary help-desk,Books,243.1,Zone_D,TAG_8F88-DA48-2F0C,2024-11-13
PROD_0340,Open-architected zero administration access,Sports,426.89,Zone_B,TAG_4E35-7D4D-4945,2025-05-19
PROD_0341,Expanded systemic monitoring,Furniture,452.38,Zone_C,TAG_5AFD-ECEB-232F,2024-12-12
PROD_0342,Front-line 3rdgeneration task-force,Electronics,426.97,Zone_C,TAG_B444-4C8E-C5EF,2025-05-31
PROD_0343,Integrated holistic pricing structure,Sports,400.88,Zone_C,TAG_A995-335B-D357,2025-05-02
PROD_0344,Open-source even-keeled strategy,Toys,191.74,Zone_C,TAG_89BB-B6E8-556E,2024-11-15
PROD_0345,Customer-focused eco-centric utilization,Tools,149.58,Zone_E,TAG_880C-8FB7-988F,2025-02-20
PROD_0346,Streamlined coherent time-frame,Food,428.47,Zone_A,TAG_262E-8927-794A,2025-02-20
PROD_0347,Devolved 6thgeneration conglomeration,Tools,58.94,Zone_C,TAG_6BBD-A46F-C171,2025-03-21
PROD_0348,Compatible neutral leverage,Sports,123.67,Zone_D,TAG_35F3-29AD-9A76,2025-01-22
PROD_0349,Reactive asynchronous support,Furniture,94.51,Zone_B,TAG_27C3-97B8-CB57,2025-02-21
PROD_0350,Front-line empowering superstructure,Food,191.09,Zone_B,TAG_D6F2-02B2-FBC4,2024-08-15
PROD_0351,Fully-configurable dynamic Local Area Network,Toys,372.85,Zone_B,TAG_8CAC-D00A-9135,2025-02-17
PROD_0352,Operative analyzing protocol,Toys,411.95,Zone_B,TAG_2631-39FF-0131,2025-02-12
PROD_0353,Seamless multi-tasking structure,Electronics,81.96,Zone_A,TAG_A1F3-5FE7-B5D6,2025-01-26
PROD_0354,Switchable cohesive hub,Clothing,156.1,Zone_A,TAG_A2A6-D152-8A14,2025-04-30
PROD_0355,Inverse high-level hardware,Books,78.49,Zone_A,TAG_4A64-D525-CB3C,2024-11-16
PROD_0356,Intuitive content-based complexity,Tools,71.02,Zone_A,TAG_079F-F794-34A5,2025-02-07
PROD_0357,De-engineered tertiary throughput,Electronics,473.29,Zone_D,TAG_6DD5-FAB4-82B4,2025-07-05
PROD_0358,Persistent directional orchestration,Sports,128.26,Zone_C,TAG_293A-EF4F-BD1C,2025-01-03
PROD_0359,Reactive even-keeled utilization,Food,73.81,Zone_A,TAG_B80C-2C4B-D3FB,2025-02-20
PROD_0360,Face-to-face executive capability,Sports,168.31,Zone_A,TAG_8D79-B61C-5BC0,2024-11-23
PROD_0361,Face-to-face coherent frame,Tools,86.16,Zone_D,TAG_124E-1A2C-9849,2025-08-07
PROD_0362,Reverse-engineered coherent monitoring,Sports,152.44,Zone_C,TAG_3869-78CD-418F,2025-03-16
PROD_0363,Upgradable disintermediate software,Books,483.33,Zone_B,TAG_373F-C536-DE4F,2024-11-25
PROD_0364,Ameliorated methodical collaboration,Electronics,406.44,Zone_C,TAG_6CAD-1B68-466F,2025-07-16
PROD_0365,Multi-tiered object-oriented task-force,Sports,493.83,Zone_D,TAG_344E-26B6-BB2F,2025-02-09
PROD_0366,Business-focused bi-directional portal,Books,153.91,Zone_C,TAG_9B76-C5AA-091D,2025-05-16
PROD_0367,Inverse well-modulated forecast,Electronics,15.02,Zone_E,TAG_0129-01AF-AE05,2024-08-23
PROD_0368,Automated empowering neural-net,Books,247.74,Zone_A,TAG_4B36-44DD-D75D,2025-04-22
PROD_0369,Re-engineered uniform standardization,Electronics,33.13,Zone_C,TAG_6AF7-5DD9-6AAC,2025-02-13
PROD_0370,Optional radical Graphical User Interface,Books,305.33,Zone_B,TAG_D873-902D-EAE2,2025-07-06
PROD_0371,Organized secondary functionalities,Books,287.61,Zone_E,TAG_C5FB-B6F8-E268,2025-04-20
PROD_0372,Open-architected holistic Graphical User Interface,Tools,153.85,Zone_C,TAG_38C7-42EF-33DC,2025-06-01
PROD_0373,Universal multi-tasking website,Toys,10.12,Zone_D,TAG_3425-0356-A2C1,2025-06-20
PROD_0374,Switchable high-level neural-net,Electronics,414.84,Zone_B,TAG_765B-7373-8B63,2025-05-29
PROD_0375,Stand-alone foreground functionalities,Electronics,28.22,Zone_A,TAG_08B4-DB43-B6E5,2024-09-04
PROD_0376,Phased directional project,Books,290.47,Zone_C,TAG_2E93-4DD3-2303,2024-08-21
PROD_0377,Intuitive multimedia groupware,Furniture,293.45,Zone_E,TAG_4BC9-7694-2B36,2024-09-24
PROD_0378,Quality-focused 6thgeneration extranet,Sports,428.42,Zone_A,TAG_DC5B-A916-7224,2025-05-11
PROD_0379,Organized uniform Graphic Interface,Sports,71.23,Zone_A,TAG_C66E-2504-F420,2024-12-14
PROD_0380,Customizable modular knowledgebase,Electronics,186.96,Zone_E,TAG_13B4-0415-A8B2,2024-10-12
PROD_0381,Down-sized user-facing structure,Books,124.86,Zone_B,TAG_1D44-C774-2289,2025-05-14
PROD_0382,Sharable interactive product,Food,13.68,Zone_C,TAG_806C-C4B4-FEA4,2025-08-11
PROD_0383,Universal zero-defect frame,Sports,340.92,Zone_C,TAG_3FD0-1CD8-41C0,2025-04-07
PROD_0384,Ameliorated directional alliance,Electronics,169.88,Zone_E,TAG_FBF3-A521-70DD,2025-02-28
PROD_0385,Focused reciprocal data-warehouse,Sports,253.71,Zone_A,TAG_4357-8D34-93BD,2025-04-28
PROD_0386,Reverse-engineered user-facing task-force,Toys,353.81,Zone_E,TAG_8951-BEE0-D2F2,2025-07-07
PROD_0387,Down-sized 5thgeneration adapter,Books,412.94,Zone_E,TAG_00F0-73DE-6129,2025-03-06
PROD_0388,Reactive object-oriented artificial intelligence,Toys,27.55,Zone_A,TAG_2B86-BCE4-370A,2025-05-07
PROD_0389,Open-source neutral projection,Electronics,395.08,Zone_E,TAG_775F-BB61-FA62,2025-02-03
PROD_0390,Ameliorated dynamic budgetary management,Electronics,200.89,Zone_E,TAG_DF23-4200-89C6,2025-03-10
PROD_0391,Balanced methodical utilization,Toys,137.48,Zone_A,TAG_3F1E-4469-9E5C,2025-03-20
PROD_0392,Profound mission-critical complexity,Furniture,249.7,Zone_C,TAG_A0F2-7C8C-539A,2024-10-13
PROD_0393,Automated actuating challenge,Sports,63.85,Zone_B,TAG_8921-795C-D5AE,2024-12-21
PROD_0394,Inverse well-modulated application,Tools,19.15,Zone_D,TAG_E628-CA63-63C9,2025-07-20
PROD_0395,Business-focused demand-driven policy,Tools,254.59,Zone_D,TAG_D79A-8D03-D636,2025-05-06
PROD_0396,Enterprise-wide bifurcated focus group,Books,262.31,Zone_A,TAG_FFED-FF80-24E3,2024-09-29
PROD_0397,Re-contextualized cohesive productivity,Food,361.66,Zone_D,TAG_93C4-85EF-3BEC,2025-07-12
PROD_0398,Self-enabling dynamic project,Tools,15.35,Zone_B,TAG_38F2-EFAC-9733,2025-05-12
PROD_0399,Organized high-level task-force,Food,448.28,Zone_D,TAG_374C-4C26-02F4,2024-11-13
PROD_0400,De-engineered static ability,Sports,164.66,Zone_D,TAG_E9B5-ABC9-162C,2024-11-23
PROD_0401,Fully-configurable non-volatile structure,Clothing,63.36,Zone_B,TAG_7835-18AE-1841,2024-08-21
PROD_0402,Implemented uniform moratorium,Sports,455.79,Zone_D,TAG_C858-E6F0-4779,2025-02-19
PROD_0403,Self-enabling multi-tasking intranet,Sports,250.3,Zone_B,TAG_6029-BC3D-E0B8,2025-04-15
PROD_0404,Quality-focused multi-tasking Internet solution,Sports,162.91,Zone_B,TAG_A9B7-76F5-E82F,2025-03-10
PROD_0405,Assimilated 24/7 policy,Food,143.15,Zone_C,TAG_8144-F0E3-BB0F,2024-12-30
PROD_0406,Programmable static application,Electronics,480.34,Zone_C,TAG_3FCC-AE50-9E0E,2024-09-02
PROD_0407,Vision-oriented next generation service-desk,Books,96.05,Zone_A,TAG_A866-7427-4898,2024-09-13
PROD_0408,Front-line systemic capacity,Furniture,213.18,Zone_C,TAG_0240-421F-9B1A,2025-03-21
PROD_0409,Persistent asynchronous alliance,Tools,42.57,Zone_D,TAG_661E-B874-BB4A,2025-03-07
PROD_0410,Realigned homogeneous encryption,Tools,285.7,Zone_A,TAG_469C-35DF-5CFB,2024-11-27
PROD_0411,User-friendly global array,Electronics,71.97,Zone_D,TAG_3D31-635C-CC10,2024-08-18
PROD_0412,Persistent tertiary emulation,Electronics,221.56,Zone_E,TAG_307D-BC39-CCA8,2025-05-11
PROD_0413,Multi-tiered contextually-based middleware,Food,366.73,Zone_E,TAG_9EB4-2064-C29F,2025-05-05
PROD_0414,Intuitive well-modulated benchmark,Sports,44.15,Zone_C,TAG_07AD-3848-063D,2025-04-07
PROD_0415,Re-engineered contextually-based toolset,Clothing,460.1,Zone_C,TAG_D128-33C2-BADF,2025-02-24
PROD_0416,Innovative modular data-warehouse,Sports,29.29,Zone_A,TAG_BBF5-A403-77E3,2025-03-01
PROD_0417,Function-based zero-defect info-mediaries,Electronics,50.12,Zone_D,TAG_1F8C-25EA-AABD,2025-04-04
PROD_0418,Persistent intangible orchestration,Tools,487.15,Zone_C,TAG_854C-F0E7-71C8,2025-08-05
PROD_0419,Cloned bifurcated monitoring,Food,336.38,Zone_C,TAG_FA3B-A151-3B55,2025-07-19
PROD_0420,Right-sized needs-based forecast,Toys,119.17,Zone_A,TAG_92B5-22FD-F962,2024-09-19
PROD_0421,Programmable cohesive database,Food,240.7,Zone_E,TAG_004E-19D0-092F,2024-12-13
PROD_0422,Cross-platform fault-tolerant groupware,Toys,172.93,Zone_C,TAG_3CD4-7FB0-2622,2025-03-08
PROD_0423,Persevering grid-enabled analyzer,Toys,103.27,Zone_D,TAG_3F9A-0E7A-64AE,2025-04-21
PROD_0424,Re-contextualized discrete middleware,Clothing,440.16,Zone_D,TAG_1489-0FE0-D414,2024-10-24
PROD_0425,Digitized fault-tolerant info-mediaries,Tools,205.28,Zone_B,TAG_ACE6-5FB8-A9A9,2024-10-08
PROD_0426,Ergonomic 24/7 productivity,Tools,357.24,Zone_B,TAG_E2B3-CE73-6F8C,2025-05-04
PROD_0427,Synergistic actuating installation,Food,274.65,Zone_C,TAG_D875-8CA4-1BDD,2025-06-08
PROD_0428,Universal encompassing software,Books,475.0,Zone_B,TAG_05C6-DDDC-0A3C,2024-09-13
PROD_0429,Devolved human-resource support,Furniture,70.29,Zone_A,TAG_C124-E3F7-F0A1,2025-05-20
PROD_0430,Enhanced methodical task-force,Sports,407.19,Zone_D,TAG_DBF9-98AC-FC53,2024-08-23
PROD_0431,Virtual 24/7 initiative,Toys,355.14,Zone_E,TAG_7BC7-AC1C-2453,2024-12-08
PROD_0432,Customer-focused maximized structure,Books,360.39,Zone_D,TAG_77CE-6C71-31E1,2024-10-06
PROD_0433,Diverse solution-oriented solution,Tools,101.37,Zone_E,TAG_F07F-7765-0D42,2025-02-18
PROD_0434,Ergonomic disintermediate architecture,Furniture,81.03,Zone_E,TAG_D68C-627F-944E,2024-11-09
PROD_0435,Virtual eco-centric moderator,Clothing,12.84,Zone_B,TAG_18FE-3CE3-FA4B,2024-09-28
PROD_0436,Distributed methodical service-desk,Books,414.84,Zone_D,TAG_A9A6-FDB3-2A16,2024-12-29
PROD_0437,Progressive zero tolerance solution,Clothing,121.37,Zone_A,TAG_FDCA-4E11-0F1A,2025-02-26
PROD_0438,Progressive bandwidth-monitored open architecture,Books,456.88,Zone_B,TAG_2D23-0C5A-1BBE,2025-04-28
PROD_0439,Face-to-face grid-enabled matrices,Toys,292.43,Zone_B,TAG_D9B1-E5DC-EE68,2025-02-07
PROD_0440,Up-sized well-modulated extranet,Tools,397.05,Zone_B,TAG_E90B-A7D9-C864,2024-12-22
PROD_0441,Future-proofed real-time service-desk,Clothing,270.72,Zone_E,TAG_242D-ABC8-B5EF,2025-05-22
PROD_0442,Focused dynamic firmware,Tools,278.72,Zone_A,TAG_45D2-6AD4-5BD9,2025-07-18
PROD_0443,Configurable background open architecture,Tools,137.96,Zone_B,TAG_A54D-327D-FA81,2024-11-11
PROD_0444,Synergized cohesive orchestration,Electronics,242.09,Zone_A,TAG_AA8E-DA6C-67C3,2025-04-22
PROD_0445,Phased motivating process improvement,Food,389.26,Zone_A,TAG_0184-7675-6148,2024-12-14
PROD_0446,Synergistic full-range flexibility,Books,190.8,Zone_D,TAG_2159-DE87-8300,2025-05-03
PROD_0447,Devolved value-added moratorium,Tools,348.94,Zone_D,TAG_46E2-5B7C-F36C,2024-10-01
PROD_0448,Face-to-face fresh-thinking open architecture,Furniture,60.52,Zone_E,TAG_6AB5-12C2-68C1,2025-01-31
PROD_0449,Secured regional data-warehouse,Clothing,245.28,Zone_C,TAG_436C-0F63-4F6C,2024-10-11
PROD_0450,Universal non-volatile capability,Furniture,176.49,Zone_B,TAG_FEB9-EA17-61B9,2025-07-16
PROD_0451,Decentralized radical knowledge user,Tools,246.15,Zone_D,TAG_4596-8829-E5AE,2025-06-25
PROD_0452,Innovative intangible superstructure,Food,431.27,Zone_E,TAG_B77A-AECA-8ACD,2025-01-06
PROD_0453,Persistent reciprocal extranet,Clothing,79.11,Zone_C,TAG_5482-038D-DA6E,2024-09-14
PROD_0454,Mandatory exuding migration,Tools,404.7,Zone_B,TAG_5A79-E6B0-CC50,2024-11-25
PROD_0455,Optional bottom-line conglomeration,Books,259.89,Zone_A,TAG_4B65-4507-6624,2025-05-09
PROD_0456,Operative responsive success,Food,150.7,Zone_A,TAG_0177-E2E4-0462,2025-05-20
PROD_0457,Progressive intangible standardization,Sports,324.3,Zone_E,TAG_1AFE-D733-BB25,2024-09-30
PROD_0458,Visionary optimal installation,Toys,278.77,Zone_B,TAG_F10E-EF46-C328,2024-10-19
PROD_0459,Multi-tiered optimizing concept,Electronics,471.71,Zone_A,TAG_13C6-92C9-CDDE,2025-03-28
PROD_0460,Realigned leadingedge analyzer,Clothing,302.64,Zone_C,TAG_008B-ED68-A255,2025-06-21
PROD_0461,Persistent real-time strategy,Books,81.42,Zone_E,TAG_1DBF-5ACF-C7E6,2024-10-25
PROD_0462,Balanced clear-thinking knowledge user,Tools,439.44,Zone_A,TAG_25F6-5A0E-D1D2,2025-02-28
PROD_0463,Proactive dedicated Graphical User Interface,Sports,442.38,Zone_A,TAG_B901-F05D-25EF,2024-08-30
PROD_0464,Multi-layered exuding structure,Sports,279.21,Zone_B,TAG_F96D-0497-7DDF,2024-11-24
PROD_0465,Decentralized content-based synergy,Furniture,67.91,Zone_B,TAG_9B7C-924F-678A,2025-01-15
PROD_0466,Cross-platform context-sensitive collaboration,Books,461.92,Zone_E,TAG_CF23-FDCD-B9FA,2024-09-30
PROD_0467,Configurable 24hour frame,Clothing,149.65,Zone_A,TAG_B3D9-481C-E6BF,2024-09-21
PROD_0468,Compatible zero-defect monitoring,Books,119.79,Zone_A,TAG_F353-A7B5-17DA,2025-03-16
PROD_0469,Reduced real-time encoding,Books,315.29,Zone_A,TAG_FF97-202B-1B21,2025-02-09
PROD_0470,Mandatory content-based adapter,Toys,463.69,Zone_A,TAG_BC89-9289-C4D5,2025-06-27
PROD_0471,Stand-alone fault-tolerant capacity,Furniture,122.81,Zone_E,TAG_35F0-698C-53D8,2025-04-01
PROD_0472,Open-architected client-server methodology,Toys,17.32,Zone_E,TAG_3DC6-F755-B4D7,2025-03-14
PROD_0473,Ergonomic mission-critical strategy,Clothing,318.56,Zone_A,TAG_0CB8-FBBF-D177,2024-12-21
PROD_0474,Robust zero administration Graphical User Interface,Sports,35.61,Zone_A,TAG_4A0C-6025-1DC5,2025-04-24
PROD_0475,Function-based zero tolerance analyzer,Tools,237.48,Zone_C,TAG_AF89-3FE1-335F,2025-05-20
PROD_0476,Total value-added adapter,Electronics,376.71,Zone_C,TAG_52D8-6D18-8FE2,2025-01-01
PROD_0477,Polarized systemic open architecture,Tools,249.73,Zone_D,TAG_E039-9368-75BA,2025-04-13
PROD_0478,Centralized content-based neural-net,Books,104.03,Zone_E,TAG_5FDB-E9A2-620A,2025-05-21
PROD_0479,Mandatory regional capacity,Books,406.58,Zone_A,TAG_7DE1-82D6-5453,2025-06-17
PROD_0480,Profound 24hour neural-net,Toys,69.34,Zone_E,TAG_E929-47C4-2258,2025-02-26
PROD_0481,Optimized clear-thinking success,Toys,189.81,Zone_B,TAG_38EC-3A85-2BE7,2025-06-17
PROD_0482,Upgradable zero-defect hub,Sports,193.33,Zone_B,TAG_F945-87C2-443B,2024-09-08
PROD_0483,Mandatory transitional neural-net,Furniture,290.17,Zone_B,TAG_6798-22BA-3070,2025-03-05
PROD_0484,Cross-platform coherent neural-net,Sports,285.86,Zone_E,TAG_57D2-130F-F135,2024-10-12
PROD_0485,Future-proofed non-volatile initiative,Electronics,66.24,Zone_A,TAG_1C0E-7955-86B2,2024-12-02
PROD_0486,Quality-focused disintermediate core,Electronics,460.7,Zone_E,TAG_B54D-9A6B-BFA0,2025-01-02
PROD_0487,Reactive local firmware,Clothing,18.75,Zone_C,TAG_8F32-8BD8-B2AF,2024-08-15
PROD_0488,Fundamental modular Local Area Network,Food,221.25,Zone_A,TAG_7ED0-4925-0655,2024-12-02
PROD_0489,Self-enabling hybrid implementation,Clothing,31.81,Zone_A,TAG_3AB2-2F8A-22CA,2024-12-01
PROD_0490,Upgradable leadingedge initiative,Electronics,103.89,Zone_C,TAG_19F4-1D24-6E4D,2025-08-09
PROD_0491,Configurable homogeneous focus group,Furniture,455.26,Zone_C,TAG_BFAB-8E36-F534,2025-04-23
PROD_0492,Right-sized exuding attitude,Tools,92.41,Zone_E,TAG_B428-E73E-A0E1,2025-04-28
PROD_0493,Synergized optimal database,Tools,329.26,Zone_C,TAG_9147-274B-B57E,2024-12-20
PROD_0494,Centralized grid-enabled utilization,Food,59.25,Zone_E,TAG_414F-C512-FCA1,2025-03-18
PROD_0495,Focused tertiary utilization,Books,489.63,Zone_E,TAG_4619-6353-D3C2,2025-05-07
PROD_0496,Cloned 24hour knowledgebase,Clothing,53.56,Zone_E,TAG_D2F5-E1F0-DC8E,2025-03-06
PROD_0497,Proactive dedicated product,Toys,41.9,Zone_D,TAG_1448-6020-E29D,2024-10-07
PROD_0498,Down-sized multi-state concept,Electronics,19.0,Zone_A,TAG_E4BD-7446-0AE8,2025-05-12
PROD_0499,Expanded full-range support,Food,205.58,Zone_B,TAG_F16C-45CD-E5D4,2025-01-27
PROD_0500,Pre-emptive uniform Internet solution,Toys,131.23,Zone_A,TAG_CFAF-2643-DFF4,2025-05-01
PROD_0501,Phased holistic pricing structure,Toys,480.07,Zone_E,TAG_0A49-B268-84C1,2024-11-25
PROD_0502,Assimilated homogeneous product,Sports,119.57,Zone_E,TAG_636C-460E-E910,2024-12-11
PROD_0503,Multi-channeled actuating Graphic Interface,Books,214.85,Zone_B,TAG_EF1B-2490-89C4,2025-02-18
PROD_0504,Down-sized tangible superstructure,Clothing,290.9,Zone_B,TAG_318D-ED1D-5657,2024-09-10
PROD_0505,Intuitive holistic installation,Food,265.88,Zone_B,TAG_A560-B747-CB46,2024-10-19
PROD_0506,Customer-focused transitional help-desk,Books,225.53,Zone_D,TAG_09B5-C4BE-A3B1,2025-04-09
PROD_0507,Cross-group content-based matrices,Books,105.37,Zone_D,TAG_E7F2-F128-B634,2024-11-30
PROD_0508,Quality-focused zero tolerance contingency,Clothing,105.12,Zone_E,TAG_B390-53F2-0A84,2025-03-10
PROD_0509,Multi-channeled didactic superstructure,Furniture,196.28,Zone_B,TAG_023E-20E0-3DB4,2025-06-16
PROD_0510,Visionary intermediate matrices,Food,316.48,Zone_E,TAG_AE31-02AE-1E82,2025-06-03
PROD_0511,Inverse zero administration hardware,Sports,391.7,Zone_C,TAG_B643-8E47-01DE,2024-11-26
PROD_0512,Seamless executive strategy,Food,250.32,Zone_C,TAG_16D8-68A7-AAA2,2025-05-04
PROD_0513,Business-focused radical methodology,Tools,142.29,Zone_A,TAG_37BF-0154-0CFF,2025-01-13
PROD_0514,Diverse analyzing neural-net,Toys,82.95,Zone_E,TAG_4D2C-DBBE-8EE2,2025-01-25
PROD_0515,Integrated eco-centric budgetary management,Clothing,192.83,Zone_C,TAG_E04C-5465-4B91,2025-07-28
PROD_0516,Decentralized multi-state emulation,Toys,256.04,Zone_C,TAG_20B7-BBD8-4AC5,2025-02-08
PROD_0517,Advanced client-driven array,Toys,494.24,Zone_C,TAG_3825-8534-BB45,2025-03-30
PROD_0518,Multi-channeled multi-tasking concept,Books,47.38,Zone_A,TAG_EE0E-E0A8-9B1B,2025-02-23
PROD_0519,Future-proofed heuristic orchestration,Food,20.93,Zone_D,TAG_B9A9-855E-F672,2025-07-24
PROD_0520,Seamless multimedia Local Area Network,Books,484.24,Zone_D,TAG_E604-70CC-5AA3,2025-01-14
PROD_0521,Persevering content-based superstructure,Toys,414.63,Zone_C,TAG_0AA8-8125-E944,2025-06-04
PROD_0522,Networked non-volatile collaboration,Furniture,131.15,Zone_D,TAG_8909-51C5-C351,2024-12-19
PROD_0523,Stand-alone intangible hierarchy,Clothing,270.19,Zone_D,TAG_B4BA-1DE7-ED95,2024-09-01
PROD_0524,Integrated interactive adapter,Toys,84.35,Zone_C,TAG_4315-0CCA-F507,2025-07-10
PROD_0525,Innovative object-oriented standardization,Books,268.95,Zone_D,TAG_7B59-B3BA-1458,2025-05-28
PROD_0526,Integrated 6thgeneration Graphical User Interface,Clothing,162.55,Zone_C,TAG_8E1F-A8FE-4ACD,2024-11-25
PROD_0527,Versatile stable solution,Furniture,23.42,Zone_C,TAG_2CF0-AA19-690A,2025-05-24
PROD_0528,Multi-lateral multimedia installation,Toys,42.67,Zone_D,TAG_0E8E-08CF-16FE,2024-09-10
PROD_0529,Visionary intermediate hierarchy,Sports,492.56,Zone_C,TAG_18BA-E503-0428,2025-08-08
PROD_0530,Advanced 24hour artificial intelligence,Electronics,237.39,Zone_D,TAG_7D3E-EE75-1C3E,2025-05-05
PROD_0531,Grass-roots 3rdgeneration groupware,Toys,463.75,Zone_B,TAG_D1B6-E12D-2AA9,2025-03-30
PROD_0532,Business-focused fault-tolerant complexity,Furniture,337.32,Zone_D,TAG_50D0-3134-2408,2025-04-13
PROD_0533,Up-sized global utilization,Food,136.61,Zone_D,TAG_FEB5-21F7-A8CA,2024-09-14
PROD_0534,Innovative attitude-oriented Graphical User Interface,Clothing,264.91,Zone_B,TAG_05BE-F829-07B0,2025-05-15
PROD_0535,Decentralized 3rdgeneration task-force,Furniture,154.21,Zone_C,TAG_339D-ED43-5CB1,2024-09-01
PROD_0536,Up-sized intangible structure,Electronics,263.4,Zone_B,TAG_D523-4D99-4A20,2025-01-01
PROD_0537,Organic exuding paradigm,Electronics,165.38,Zone_C,TAG_CD86-6D8E-EE1F,2024-09-11
PROD_0538,Multi-channeled systemic artificial intelligence,Clothing,193.57,Zone_E,TAG_633B-6AE2-38E9,2025-05-06
PROD_0539,Diverse composite solution,Tools,450.23,Zone_A,TAG_8544-F9B7-253E,2025-05-02
PROD_0540,Up-sized multi-state project,Sports,105.38,Zone_C,TAG_6C8D-E8ED-BAC9,2024-10-17
PROD_0541,Secured foreground help-desk,Books,400.46,Zone_A,TAG_01DB-4F07-B259,2024-10-10
PROD_0542,Phased needs-based artificial intelligence,Furniture,115.16,Zone_D,TAG_05E7-ADEF-4EE8,2024-12-08
PROD_0543,Reverse-engineered non-volatile service-desk,Tools,438.52,Zone_B,TAG_84FE-20B7-83F1,2024-12-08
PROD_0544,Multi-layered analyzing contingency,Books,416.91,Zone_D,TAG_00B9-609D-4810,2025-05-25
PROD_0545,Compatible interactive software,Books,115.41,Zone_E,TAG_4B14-CD4B-3B77,2025-05-17
PROD_0546,Sharable content-based superstructure,Electronics,454.1,Zone_D,TAG_5874-F78C-6373,2025-08-14
PROD_0547,Automated logistical product,Toys,201.91,Zone_E,TAG_D3CC-ED63-690C,2025-04-09
PROD_0548,Customizable neutral protocol,Clothing,319.11,Zone_C,TAG_099C-D0ED-49F3,2025-01-14
PROD_0549,Quality-focused zero tolerance matrices,Books,494.08,Zone_B,TAG_6F0B-FC23-709A,2024-12-27
PROD_0550,Customizable systematic interface,Furniture,94.54,Zone_B,TAG_1D38-26FE-0534,2025-01-18
PROD_0551,Compatible tangible firmware,Books,204.56,Zone_C,TAG_7786-0E2D-CAAE,2025-06-26
PROD_0552,Distributed even-keeled implementation,Electronics,483.12,Zone_A,TAG_7ABF-FEB9-17D5,2024-09-30
PROD_0553,Innovative value-added paradigm,Books,146.3,Zone_A,TAG_243F-CFB9-DEDE,2025-06-02
PROD_0554,Managed grid-enabled info-mediaries,Clothing,266.45,Zone_A,TAG_3B42-BA5B-929B,2024-11-30
PROD_0555,Virtual eco-centric workforce,Tools,172.73,Zone_E,TAG_FD48-029E-7D78,2024-12-06
PROD_0556,Visionary systemic ability,Sports,322.46,Zone_A,TAG_4821-75D5-B9F8,2024-12-24
PROD_0557,Operative analyzing focus group,Electronics,212.43,Zone_D,TAG_CC85-648F-EF48,2024-09-12
PROD_0558,Cross-platform needs-based function,Clothing,283.83,Zone_C,TAG_6083-E31B-9C01,2025-02-09
PROD_0559,Fundamental actuating archive,Books,371.06,Zone_B,TAG_4C92-F946-9A5D,2025-02-28
PROD_0560,Multi-channeled disintermediate time-frame,Food,196.81,Zone_B,TAG_BD80-1340-877F,2025-07-18
PROD_0561,Pre-emptive directional knowledgebase,Books,103.27,Zone_D,TAG_041A-B15E-A75A,2025-04-12
PROD_0562,Cloned needs-based encoding,Electronics,37.26,Zone_B,TAG_AFA6-1039-B32B,2025-06-16
PROD_0563,Sharable human-resource solution,Food,313.13,Zone_D,TAG_FCCB-8984-1F87,2025-04-01
PROD_0564,Open-source executive knowledge user,Tools,344.8,Zone_C,TAG_CC7F-EFAA-5B0F,2024-09-06
PROD_0565,Organic stable open architecture,Electronics,336.65,Zone_A,TAG_94A3-3BFF-2335,2025-03-17
PROD_0566,User-centric directional projection,Electronics,48.29,Zone_B,TAG_8051-E71C-F159,2025-07-04
PROD_0567,Multi-lateral holistic artificial intelligence,Clothing,488.21,Zone_C,TAG_11FF-4EAA-4DC2,2025-08-01
PROD_0568,Expanded asymmetric Graphical User Interface,Food,218.03,Zone_C,TAG_C447-9E51-9F44,2024-09-08
PROD_0569,Synchronized global Internet solution,Sports,106.23,Zone_A,TAG_57B3-BD0B-118E,2025-01-14
PROD_0570,Networked non-volatile firmware,Food,228.33,Zone_E,TAG_9250-48D3-6545,2025-02-19
PROD_0571,Automated web-enabled intranet,Books,98.28,Zone_D,TAG_54BE-59C2-65AE,2025-05-15
PROD_0572,Open-architected 24hour challenge,Tools,142.58,Zone_E,TAG_1F2D-1F30-1E9C,2024-09-11
PROD_0573,Proactive composite service-desk,Sports,110.83,Zone_C,TAG_F940-843A-0667,2025-07-24
PROD_0574,Enterprise-wide intermediate alliance,Electronics,145.81,Zone_A,TAG_B1B0-ACE8-8F9C,2024-12-19
PROD_0575,Front-line scalable hierarchy,Tools,452.53,Zone_B,TAG_80B4-6954-AC1C,2024-11-02
PROD_0576,Synchronized composite extranet,Electronics,369.71,Zone_B,TAG_3ABE-A162-F982,2024-10-09
PROD_0577,Sharable actuating toolset,Tools,77.11,Zone_E,TAG_CFAD-D5BB-EE3C,2025-01-23
PROD_0578,Compatible needs-based portal,Food,57.9,Zone_C,TAG_7FE7-46DC-24E6,2025-05-04
PROD_0579,Open-source user-facing algorithm,Books,63.35,Zone_A,TAG_9F2E-D61A-CBE1,2025-05-13
PROD_0580,Synergized modular policy,Sports,248.29,Zone_B,TAG_A31B-B8E7-0013,2024-10-26
PROD_0581,Reactive tangible process improvement,Tools,449.79,Zone_C,TAG_4684-442D-0531,2024-10-18
PROD_0582,Operative user-facing conglomeration,Toys,324.27,Zone_E,TAG_AFD9-2005-A2D2,2025-06-30
PROD_0583,Organic leadingedge instruction set,Books,12.22,Zone_E,TAG_7EB3-1CA4-8BA9,2024-12-24
PROD_0584,Implemented demand-driven open system,Clothing,47.2,Zone_D,TAG_D5D3-C872-8D44,2025-01-17
PROD_0585,Customer-focused zero administration protocol,Tools,249.5,Zone_A,TAG_5DAA-7EA5-A9E7,2025-06-09
PROD_0586,Distributed homogeneous open architecture,Clothing,264.68,Zone_C,TAG_19F6-A6F9-F7E4,2025-07-09
PROD_0587,Seamless motivating approach,Food,460.27,Zone_B,TAG_963B-F916-26CD,2024-09-08
PROD_0588,Customer-focused non-volatile customer loyalty,Sports,328.48,Zone_E,TAG_6E77-9AC7-EB79,2024-12-15
PROD_0589,Assimilated bandwidth-monitored functionalities,Books,428.5,Zone_D,TAG_49D1-E8BA-5D73,2025-01-09
PROD_0590,Customer-focused leadingedge time-frame,Books,82.05,Zone_A,TAG_551A-F958-4DC4,2025-04-05
PROD_0591,Open-architected maximized data-warehouse,Toys,483.74,Zone_B,TAG_D52B-F9C1-A831,2025-05-20
PROD_0592,Optimized executive hub,Toys,22.27,Zone_A,TAG_4A9F-1008-DAF5,2024-09-22
PROD_0593,Virtual human-resource Internet solution,Tools,33.86,Zone_D,TAG_71A6-8A0E-99F9,2024-11-10
PROD_0594,Seamless motivating intranet,Electronics,478.28,Zone_B,TAG_6887-CB19-770F,2025-05-22
PROD_0595,Triple-buffered attitude-oriented project,Furniture,334.89,Zone_D,TAG_4B17-3597-C30B,2025-04-12
PROD_0596,Cross-group systemic methodology,Toys,456.35,Zone_D,TAG_4B16-6C30-AE4E,2024-10-13
PROD_0597,Business-focused foreground application,Clothing,476.17,Zone_A,TAG_893B-E27E-1FC6,2025-02-21
PROD_0598,Cross-platform even-keeled model,Sports,261.57,Zone_A,TAG_21EB-CB7C-2D2A,2025-01-20
PROD_0599,Function-based coherent matrices,Electronics,172.51,Zone_C,TAG_0AB1-EDB8-87D3,2024-12-14
PROD_0600,Exclusive multi-tasking task-force,Furniture,438.34,Zone_B,TAG_2DD5-9260-DD96,2025-05-13
PROD_0601,Universal multi-state analyzer,Electronics,96.81,Zone_C,TAG_8735-86F2-C74D,2025-05-05
PROD_0602,Cloned secondary Graphic Interface,Books,237.68,Zone_E,TAG_5378-EACC-D7FB,2024-12-25
PROD_0603,Re-engineered next generation application,Toys,366.06,Zone_A,TAG_C62E-9EAC-80F2,2025-05-17
PROD_0604,Automated multi-tasking open system,Electronics,279.77,Zone_A,TAG_0900-E563-3783,2025-02-06
PROD_0605,Innovative interactive utilization,Tools,69.78,Zone_A,TAG_FF05-5D2C-B3D4,2025-04-20
PROD_0606,Inverse systematic installation,Sports,169.29,Zone_B,TAG_0327-05C9-062C,2025-08-12
PROD_0607,Extended neutral attitude,Clothing,331.02,Zone_D,TAG_6889-B716-089E,2024-12-20
PROD_0608,Visionary disintermediate conglomeration,Toys,153.33,Zone_E,TAG_2556-3FE3-7445,2024-10-27
PROD_0609,Optimized demand-driven concept,Sports,212.72,Zone_E,TAG_3B0E-4287-124C,2024-10-30
PROD_0610,Down-sized content-based process improvement,Food,106.7,Zone_E,TAG_0671-7282-B298,2024-11-12
PROD_0611,Compatible fresh-thinking adapter,Tools,81.43,Zone_C,TAG_7290-9B13-7759,2024-10-05
PROD_0612,Compatible mission-critical process improvement,Food,336.68,Zone_C,TAG_2A64-7D2C-8B84,2024-09-30
PROD_0613,Intuitive fault-tolerant focus group,Furniture,277.47,Zone_D,TAG_98EC-6B9B-59D7,2025-07-18
PROD_0614,Synergized responsive intranet,Tools,61.5,Zone_B,TAG_F9F2-23A2-41A2,2024-09-20
PROD_0615,Pre-emptive fresh-thinking benchmark,Furniture,110.28,Zone_B,TAG_AAB9-476D-BAC6,2025-05-22
PROD_0616,Realigned grid-enabled project,Clothing,151.62,Zone_E,TAG_F629-9732-32F1,2024-11-26
PROD_0617,Synergized foreground strategy,Electronics,367.32,Zone_D,TAG_D756-9360-991D,2025-05-18
PROD_0618,Progressive needs-based Graphic Interface,Tools,349.77,Zone_B,TAG_0EC9-6C88-9926,2025-03-10
PROD_0619,Progressive bandwidth-monitored installation,Toys,288.84,Zone_C,TAG_9878-0419-9084,2025-02-24
PROD_0620,Stand-alone object-oriented standardization,Toys,26.2,Zone_E,TAG_BA3B-67B2-DB36,2024-10-12
PROD_0621,Enterprise-wide stable workforce,Furniture,342.7,Zone_C,TAG_ABF3-459F-3033,2025-01-03
PROD_0622,Managed intangible orchestration,Sports,291.69,Zone_E,TAG_E5CF-F5D9-B120,2024-10-24
PROD_0623,Down-sized intermediate forecast,Clothing,287.43,Zone_A,TAG_D066-3F4B-5C6F,2025-01-06
PROD_0624,Vision-oriented interactive hierarchy,Sports,52.62,Zone_C,TAG_6548-FC28-A7FF,2025-02-09
PROD_0625,Operative optimizing monitoring,Tools,83.3,Zone_E,TAG_32D7-4F90-3AFF,2025-04-16
PROD_0626,Total tangible utilization,Electronics,493.68,Zone_C,TAG_48F6-508C-D0AD,2025-07-28
PROD_0627,Multi-channeled multimedia knowledge user,Toys,275.79,Zone_B,TAG_D970-BF19-B18F,2025-06-27
PROD_0628,Robust user-facing utilization,Electronics,204.48,Zone_C,TAG_2145-643E-B89A,2025-04-04
PROD_0629,Fundamental high-level knowledge user,Sports,425.77,Zone_D,TAG_6FEF-09CF-ED6A,2025-05-03
PROD_0630,Sharable needs-based extranet,Sports,264.86,Zone_D,TAG_2F21-76D4-FAF7,2025-06-01
PROD_0631,Extended analyzing product,Furniture,68.05,Zone_C,TAG_69C5-D171-E435,2024-08-18
PROD_0632,Intuitive intangible attitude,Books,325.57,Zone_C,TAG_8EEA-52ED-E19B,2025-03-12
PROD_0633,Switchable didactic open architecture,Furniture,125.77,Zone_C,TAG_3EF1-3952-B5C5,2024-11-11
PROD_0634,Progressive 4thgeneration toolset,Toys,325.26,Zone_E,TAG_46C7-6152-CCDE,2024-12-09
PROD_0635,Virtual system-worthy benchmark,Food,132.97,Zone_A,TAG_81AF-F0EA-33EF,2024-09-04
PROD_0636,Diverse holistic encoding,Books,444.08,Zone_A,TAG_0706-3D48-1D69,2024-11-15
PROD_0637,Business-focused attitude-oriented project,Tools,11.06,Zone_B,TAG_ADDF-1738-FFA4,2025-02-28
PROD_0638,Synergistic full-range secured line,Toys,357.92,Zone_E,TAG_CA50-22BD-B4A8,2025-03-10
PROD_0639,Proactive zero tolerance matrices,Tools,180.46,Zone_C,TAG_0BDF-5221-3314,2025-02-27
PROD_0640,Business-focused 6thgeneration portal,Electronics,68.9,Zone_C,TAG_6CFE-C985-A657,2025-07-02
PROD_0641,Devolved solution-oriented protocol,Books,454.3,Zone_A,TAG_4C5C-1043-E7C3,2025-07-18
PROD_0642,Organic heuristic model,Toys,241.68,Zone_E,TAG_F4B6-F2D1-B12E,2024-11-08
PROD_0643,Exclusive didactic superstructure,Furniture,378.22,Zone_C,TAG_46FC-67EB-E40D,2025-03-04
PROD_0644,Progressive multi-state archive,Electronics,135.55,Zone_C,TAG_EE78-F3A2-5F2F,2025-07-20
PROD_0645,Public-key tertiary encoding,Food,438.95,Zone_C,TAG_1915-9232-233E,2025-06-12
PROD_0646,Managed uniform leverage,Clothing,367.73,Zone_D,TAG_5F82-78B1-DA95,2025-04-02
PROD_0647,Sharable system-worthy time-frame,Sports,377.0,Zone_D,TAG_C962-1439-C226,2025-06-03
PROD_0648,Fundamental object-oriented structure,Furniture,369.69,Zone_E,TAG_AA58-4031-317E,2025-06-05
PROD_0649,Universal full-range database,Sports,13.62,Zone_B,TAG_B0E3-B4BA-420E,2025-06-22
PROD_0650,Balanced content-based migration,Toys,343.89,Zone_B,TAG_5555-D793-B07A,2025-06-19
PROD_0651,Enterprise-wide modular model,Food,196.28,Zone_E,TAG_EAA9-97BC-2F1D,2024-10-04
PROD_0652,Multi-lateral next generation monitoring,Clothing,207.84,Zone_B,TAG_87E9-B25F-046F,2025-06-17
PROD_0653,Persistent methodical portal,Books,143.79,Zone_B,TAG_B557-5FCE-9498,2025-08-08
PROD_0654,Team-oriented mission-critical access,Clothing,150.84,Zone_C,TAG_0CDF-DE2C-5D0B,2024-11-08
PROD_0655,Future-proofed executive artificial intelligence,Furniture,435.82,Zone_D,TAG_56EB-E2EF-3C38,2025-05-03
PROD_0656,Self-enabling tertiary conglomeration,Toys,285.86,Zone_E,TAG_2E1C-F1CD-4BFA,2025-07-25
PROD_0657,Monitored logistical matrices,Toys,471.0,Zone_B,TAG_CC70-0765-37EE,2025-02-23
PROD_0658,Phased hybrid Graphic Interface,Sports,449.56,Zone_A,TAG_5712-9AB0-7E5F,2025-01-19
PROD_0659,Multi-layered zero-defect monitoring,Furniture,81.0,Zone_C,TAG_9951-646B-C0BD,2025-08-09
PROD_0660,Profound disintermediate support,Books,197.19,Zone_C,TAG_B2C6-BC29-6B87,2025-02-05
PROD_0661,Polarized systemic capacity,Tools,453.93,Zone_A,TAG_34B4-A1CC-E9CB,2025-05-10
PROD_0662,Compatible zero-defect function,Tools,46.56,Zone_B,TAG_3493-006F-F7E4,2025-08-03
PROD_0663,Pre-emptive demand-driven service-desk,Tools,147.15,Zone_D,TAG_A832-2789-60BD,2024-12-26
PROD_0664,Progressive disintermediate neural-net,Food,460.41,Zone_B,TAG_1AB3-2E8B-7966,2025-03-28
PROD_0665,Polarized intermediate Internet solution,Clothing,112.79,Zone_E,TAG_3EB1-88BF-8382,2024-11-23
PROD_0666,Total regional parallelism,Clothing,324.85,Zone_E,TAG_9759-E671-2E78,2025-04-12
PROD_0667,Team-oriented didactic infrastructure,Tools,283.32,Zone_A,TAG_5AB2-28F5-557A,2024-09-19
PROD_0668,Open-source clear-thinking adapter,Books,486.74,Zone_D,TAG_BBE5-0BDD-8DA5,2024-08-20
PROD_0669,Operative homogeneous workforce,Toys,366.23,Zone_A,TAG_D87D-0896-E837,2025-01-11
PROD_0670,Integrated coherent intranet,Books,344.49,Zone_A,TAG_BCE7-9299-7B15,2025-08-13
PROD_0671,Enhanced system-worthy methodology,Furniture,289.03,Zone_A,TAG_C03A-4496-99F2,2024-08-26
PROD_0672,Triple-buffered homogeneous contingency,Clothing,102.36,Zone_A,TAG_B25C-5C16-0A04,2025-05-10
PROD_0673,Object-based hybrid solution,Tools,408.04,Zone_C,TAG_2E41-CC2B-467B,2025-02-10
PROD_0674,Decentralized background core,Books,487.26,Zone_D,TAG_16CB-D12A-DB08,2025-06-07
PROD_0675,Reduced mobile attitude,Books,280.7,Zone_C,TAG_77C8-96F5-C676,2025-04-23
PROD_0676,Reactive even-keeled groupware,Clothing,187.12,Zone_D,TAG_99C1-CEC5-BFC9,2025-03-01
PROD_0677,Persevering intangible encryption,Electronics,35.08,Zone_B,TAG_8873-2621-F41F,2024-08-19
PROD_0678,Expanded local definition,Tools,330.91,Zone_A,TAG_B811-7769-5984,2024-11-28
PROD_0679,Polarized asynchronous protocol,Sports,192.64,Zone_E,TAG_E089-0DDB-F4A1,2025-05-10
PROD_0680,Enhanced interactive collaboration,Furniture,474.95,Zone_C,TAG_3801-0BAC-1106,2025-06-25
PROD_0681,Configurable bi-directional infrastructure,Books,22.02,Zone_A,TAG_B64E-36AE-AE36,2024-08-27
PROD_0682,Upgradable web-enabled ability,Electronics,297.74,Zone_D,TAG_80DE-2826-86D1,2025-06-23
PROD_0683,Advanced human-resource system engine,Books,442.57,Zone_A,TAG_FC51-89A6-962A,2024-12-03
PROD_0684,Seamless foreground attitude,Tools,155.22,Zone_E,TAG_DC28-0248-1951,2025-03-23
PROD_0685,Down-sized interactive system engine,Furniture,354.01,Zone_C,TAG_85B7-3A31-F5C4,2024-11-29
PROD_0686,Streamlined systematic synergy,Clothing,296.59,Zone_D,TAG_F953-A6BB-5A40,2024-10-05
PROD_0687,Persistent directional installation,Sports,407.61,Zone_E,TAG_CE57-270F-FE30,2024-12-31
PROD_0688,Horizontal client-driven standardization,Books,404.33,Zone_C,TAG_6E73-CA97-F2E4,2024-12-05
PROD_0689,Up-sized systematic budgetary management,Electronics,400.79,Zone_C,TAG_2DE4-8CB4-70D2,2024-09-08
PROD_0690,Total 5thgeneration core,Furniture,105.11,Zone_B,TAG_0F5D-CBAD-7778,2024-10-03
PROD_0691,Fully-configurable 4thgeneration frame,Sports,276.38,Zone_B,TAG_4581-D181-BCA3,2025-06-22
PROD_0692,Re-contextualized even-keeled focus group,Sports,103.78,Zone_B,TAG_F53F-8889-9542,2025-06-30
PROD_0693,Enhanced context-sensitive hub,Food,442.33,Zone_D,TAG_8F0A-7FD6-E243,2025-04-25
PROD_0694,Function-based discrete adapter,Books,439.8,Zone_E,TAG_1011-6E7E-4553,2025-05-10
PROD_0695,Reduced fresh-thinking extranet,Food,270.81,Zone_A,TAG_BDF8-26B2-9AED,2025-07-04
PROD_0696,Object-based tertiary standardization,Food,188.09,Zone_E,TAG_9AEF-124F-C414,2024-12-28
PROD_0697,Function-based 3rdgeneration protocol,Clothing,86.02,Zone_E,TAG_975B-ABC2-0F48,2024-11-03
PROD_0698,Triple-buffered zero administration implementation,Clothing,343.31,Zone_C,TAG_5C62-F799-5046,2025-07-28
PROD_0699,Quality-focused interactive challenge,Clothing,336.96,Zone_A,TAG_2E2C-9F8D-2929,2025-04-03
PROD_0700,Upgradable secondary firmware,Food,54.92,Zone_A,TAG_A585-CBF9-0BFC,2025-01-13
PROD_0701,Decentralized systematic capacity,Electronics,24.28,Zone_A,TAG_49B7-780C-EAE3,2025-07-22
PROD_0702,Profit-focused 3rdgeneration circuit,Electronics,282.71,Zone_D,TAG_2BEB-8B56-B281,2025-01-02
PROD_0703,Secured zero administration protocol,Tools,110.69,Zone_A,TAG_8F31-A8DC-6F2B,2024-09-21
PROD_0704,Progressive heuristic project,Tools,160.69,Zone_A,TAG_5F62-12E9-9FF3,2025-07-21
PROD_0705,Cross-group reciprocal capacity,Sports,493.33,Zone_B,TAG_B6F5-83E4-DC4E,2024-12-12
PROD_0706,Ergonomic content-based flexibility,Tools,73.03,Zone_B,TAG_EA33-839B-1137,2024-10-31
PROD_0707,Enhanced mobile knowledge user,Tools,48.34,Zone_B,TAG_53AC-E26D-17E3,2024-10-07
PROD_0708,Right-sized 24hour Graphic Interface,Books,310.85,Zone_E,TAG_5C84-96FA-B0F8,2025-07-31
PROD_0709,Synchronized demand-driven strategy,Books,220.38,Zone_A,TAG_1C21-CECA-86EE,2024-08-30
PROD_0710,Face-to-face interactive artificial intelligence,Food,31.39,Zone_B,TAG_A291-E993-7092,2025-03-30
PROD_0711,Versatile upward-trending analyzer,Food,328.32,Zone_A,TAG_9228-9FDE-3FA0,2024-11-22
PROD_0712,Cross-group needs-based analyzer,Clothing,116.05,Zone_C,TAG_8674-6E1D-F6AB,2025-05-07
PROD_0713,Team-oriented value-added throughput,Clothing,191.78,Zone_B,TAG_7088-6C33-2907,2025-03-25
PROD_0714,Re-contextualized full-range toolset,Books,69.32,Zone_A,TAG_2C4A-FD6F-5765,2025-04-18
PROD_0715,Up-sized reciprocal product,Furniture,445.08,Zone_B,TAG_01C5-20CC-7A46,2024-09-18
PROD_0716,Optional client-server budgetary management,Furniture,451.55,Zone_B,TAG_FA05-432E-34B8,2025-06-05
PROD_0717,Quality-focused foreground forecast,Toys,297.52,Zone_C,TAG_4502-4D83-C759,2024-12-24
PROD_0718,Re-engineered fault-tolerant methodology,Sports,455.03,Zone_E,TAG_F2DE-EF3E-BCC8,2024-11-29
PROD_0719,Exclusive bandwidth-monitored infrastructure,Electronics,395.34,Zone_D,TAG_9C10-D948-67D6,2024-12-13
PROD_0720,Switchable homogeneous frame,Clothing,174.56,Zone_A,TAG_066A-EAA7-C6CE,2024-10-19
PROD_0721,Reverse-engineered zero tolerance capability,Books,31.45,Zone_B,TAG_DCF1-F6BE-D9D2,2025-01-06
PROD_0722,Re-contextualized bandwidth-monitored synergy,Furniture,353.6,Zone_C,TAG_8292-DD9D-9FBA,2025-01-29
PROD_0723,Reactive 6thgeneration workforce,Clothing,27.37,Zone_D,TAG_5704-58B3-3DC7,2024-09-26
PROD_0724,Reactive didactic budgetary management,Tools,26.66,Zone_B,TAG_5A1F-E35C-4BAB,2025-03-13
PROD_0725,Universal cohesive policy,Books,119.92,Zone_D,TAG_05EE-69FF-57B5,2024-11-11
PROD_0726,Monitored needs-based frame,Food,33.42,Zone_A,TAG_F666-A0AB-EF9F,2025-07-17
PROD_0727,Object-based systematic hub,Sports,111.07,Zone_B,TAG_5238-CDC8-81C0,2025-05-29
PROD_0728,Monitored local help-desk,Books,82.61,Zone_C,TAG_CE2F-5C36-6992,2024-10-02
PROD_0729,Future-proofed composite access,Books,124.22,Zone_C,TAG_6FDD-3F2E-BECC,2025-02-28
PROD_0730,Quality-focused attitude-oriented productivity,Furniture,422.18,Zone_B,TAG_036B-7EE7-54F0,2025-02-11
PROD_0731,Exclusive dynamic leverage,Food,39.44,Zone_A,TAG_6323-7C97-664C,2025-06-21
PROD_0732,User-friendly exuding forecast,Books,397.95,Zone_D,TAG_B9F1-FDCC-EBFB,2024-08-27
PROD_0733,Assimilated dynamic emulation,Electronics,448.25,Zone_C,TAG_2356-C8F6-8BE3,2025-01-05
PROD_0734,Exclusive systemic leverage,Toys,194.67,Zone_B,TAG_6B13-804B-2405,2025-02-19
PROD_0735,Front-line executive architecture,Furniture,123.5,Zone_E,TAG_E793-2899-47B5,2025-01-06
PROD_0736,Customizable solution-oriented knowledge user,Tools,368.54,Zone_C,TAG_4C73-C7D3-77F6,2025-01-22
PROD_0737,User-centric didactic initiative,Furniture,104.97,Zone_B,TAG_F57F-2EAF-AD26,2025-06-12
PROD_0738,Phased human-resource implementation,Sports,339.22,Zone_C,TAG_7407-A1E8-06AC,2024-08-30
PROD_0739,Re-contextualized systematic function,Tools,375.06,Zone_E,TAG_4D12-9C5E-D06A,2024-10-31
PROD_0740,Extended 5thgeneration standardization,Tools,77.78,Zone_D,TAG_2CC3-D255-A235,2025-07-17
PROD_0741,De-engineered fault-tolerant knowledge user,Tools,444.82,Zone_C,TAG_956C-295B-9B26,2024-10-26
PROD_0742,Balanced regional algorithm,Food,62.39,Zone_B,TAG_4BD9-6C49-BD56,2025-03-21
PROD_0743,Secured fresh-thinking attitude,Toys,416.99,Zone_B,TAG_C10B-DA85-B0A4,2025-05-14
PROD_0744,Adaptive exuding architecture,Electronics,455.23,Zone_A,TAG_33A1-430F-D357,2024-08-28
PROD_0745,Sharable regional initiative,Electronics,14.5,Zone_D,TAG_8F65-AD37-A6D2,2025-02-01
PROD_0746,Synergized well-modulated functionalities,Clothing,285.08,Zone_A,TAG_2C5D-F51D-C9F6,2024-09-24
PROD_0747,Polarized zero-defect help-desk,Furniture,50.81,Zone_A,TAG_FCA2-A96E-06DF,2024-08-23
PROD_0748,Proactive real-time installation,Toys,179.13,Zone_E,TAG_79BD-77A4-0074,2024-12-29
PROD_0749,Integrated interactive matrices,Clothing,237.03,Zone_C,TAG_7661-A7B3-5DB0,2024-08-31
PROD_0750,Innovative motivating frame,Furniture,343.96,Zone_E,TAG_DEEF-BCDA-1532,2025-06-02
PROD_0751,Innovative methodical service-desk,Sports,127.81,Zone_C,TAG_EBF1-41C7-FE4F,2025-04-14
PROD_0752,Balanced directional Internet solution,Toys,450.74,Zone_C,TAG_E7C5-42C6-6F83,2025-05-28
PROD_0753,Pre-emptive transitional data-warehouse,Electronics,11.75,Zone_A,TAG_85E8-C6CB-2000,2025-04-21
PROD_0754,Optional static moratorium,Food,316.49,Zone_E,TAG_DE76-6514-1499,2025-05-07
PROD_0755,Optional 6thgeneration adapter,Clothing,421.26,Zone_C,TAG_2819-652A-31AB,2025-06-23
PROD_0756,Customer-focused dedicated intranet,Sports,450.98,Zone_C,TAG_0825-FBBD-C40D,2025-03-06
PROD_0757,Diverse even-keeled algorithm,Food,483.29,Zone_D,TAG_F5D3-990D-87CE,2025-02-05
PROD_0758,Open-architected web-enabled structure,Furniture,300.85,Zone_C,TAG_7BE1-0088-C012,2025-06-09
PROD_0759,Object-based tertiary leverage,Sports,490.5,Zone_D,TAG_BA63-5975-686E,2024-12-20
PROD_0760,Profit-focused 4thgeneration hub,Sports,350.35,Zone_E,TAG_C200-5A54-7C41,2024-12-17
PROD_0761,Optimized full-range Graphic Interface,Food,347.31,Zone_E,TAG_B139-58E7-8FC3,2025-01-11
PROD_0762,De-engineered multimedia implementation,Sports,231.1,Zone_E,TAG_7338-994A-593A,2024-10-09
PROD_0763,Universal disintermediate customer loyalty,Books,301.68,Zone_C,TAG_3400-9BC4-44F3,2025-01-29
PROD_0764,Grass-roots methodical function,Clothing,75.85,Zone_A,TAG_8C3C-F26C-9A06,2025-04-10
PROD_0765,Ameliorated methodical standardization,Furniture,249.47,Zone_A,TAG_1239-0D00-12C0,2025-07-05
PROD_0766,Re-contextualized logistical throughput,Furniture,360.84,Zone_C,TAG_AE2F-7810-F527,2024-09-04
PROD_0767,Streamlined executive groupware,Electronics,27.87,Zone_D,TAG_5E9A-1D47-B8D5,2025-04-27
PROD_0768,Fully-configurable content-based infrastructure,Furniture,313.86,Zone_D,TAG_5431-E279-EFC6,2025-05-13
PROD_0769,Switchable object-oriented groupware,Furniture,464.19,Zone_B,TAG_EACF-FCAC-CC05,2024-10-02
PROD_0770,Realigned didactic array,Books,396.14,Zone_D,TAG_EE0F-CEFF-A7F9,2025-04-04
PROD_0771,Fully-configurable transitional monitoring,Food,449.9,Zone_C,TAG_ADEB-2728-0368,2025-06-18
PROD_0772,Devolved bifurcated knowledgebase,Toys,145.96,Zone_B,TAG_EDEC-B36C-DBF0,2025-03-13
PROD_0773,Re-contextualized 5thgeneration methodology,Tools,229.51,Zone_B,TAG_100B-2DA7-2CAF,2025-03-31
PROD_0774,Multi-tiered systematic throughput,Electronics,416.07,Zone_A,TAG_91CE-3D46-4941,2025-07-12
PROD_0775,Re-engineered global extranet,Books,366.4,Zone_A,TAG_9BC4-A6B1-3AA2,2024-09-05
PROD_0776,Multi-lateral global installation,Clothing,371.78,Zone_A,TAG_6BF9-EA53-762A,2025-04-23
PROD_0777,Enhanced exuding model,Sports,324.1,Zone_E,TAG_CE27-58CE-D342,2025-08-10
PROD_0778,Assimilated secondary Internet solution,Tools,234.54,Zone_B,TAG_2281-8E69-EDD7,2024-09-12
PROD_0779,Progressive content-based website,Tools,11.67,Zone_D,TAG_F25F-20D9-4FAD,2025-05-29
PROD_0780,Inverse analyzing architecture,Furniture,164.98,Zone_D,TAG_CA16-9FD3-9E4B,2025-01-03
PROD_0781,Triple-buffered national knowledge user,Books,25.67,Zone_E,TAG_9E2F-564B-454D,2025-03-24
PROD_0782,Persevering multi-state hierarchy,Food,356.95,Zone_B,TAG_BC70-B44C-6272,2025-05-31
PROD_0783,Devolved modular process improvement,Furniture,419.77,Zone_B,TAG_3C0F-A625-5AE2,2025-08-10
PROD_0784,Right-sized asymmetric info-mediaries,Tools,76.88,Zone_D,TAG_0574-32AB-06D0,2025-02-12
PROD_0785,Multi-lateral content-based core,Toys,227.57,Zone_B,TAG_71B6-F825-AA43,2025-03-20
PROD_0786,User-centric content-based core,Electronics,20.07,Zone_D,TAG_7049-7916-2D45,2024-08-31
PROD_0787,Balanced uniform focus group,Clothing,295.04,Zone_D,TAG_840A-EB58-BFE2,2025-06-06
PROD_0788,Networked interactive array,Books,406.44,Zone_D,TAG_8F61-F55E-F688,2025-02-18
PROD_0789,Focused impactful service-desk,Sports,418.56,Zone_D,TAG_4577-E4E7-628D,2024-09-02
PROD_0790,Progressive systemic array,Electronics,401.94,Zone_B,TAG_FFC4-3E90-AC30,2025-02-03
PROD_0791,Programmable content-based artificial intelligence,Sports,453.81,Zone_A,TAG_04F2-3EE1-6186,2025-05-14
PROD_0792,Programmable hybrid methodology,Furniture,397.15,Zone_B,TAG_5414-03E1-682A,2025-03-05
PROD_0793,Programmable modular info-mediaries,Furniture,181.4,Zone_B,TAG_66AD-68E2-E46C,2025-07-25
PROD_0794,Universal grid-enabled solution,Toys,111.51,Zone_C,TAG_E28C-42BA-18E8,2025-04-16
PROD_0795,Reactive executive initiative,Electronics,263.84,Zone_A,TAG_1130-A14A-C584,2024-12-01
PROD_0796,Front-line dynamic challenge,Books,158.51,Zone_E,TAG_DF37-8C74-B2F7,2024-12-02
PROD_0797,Horizontal composite protocol,Sports,202.23,Zone_B,TAG_0333-32D1-9678,2024-10-22
PROD_0798,Cross-platform mission-critical hardware,Sports,467.54,Zone_E,TAG_07AD-85F9-53DC,2025-05-22
PROD_0799,Decentralized 5thgeneration process improvement,Sports,456.71,Zone_E,TAG_852F-5DA3-3131,2024-10-14
PROD_0800,Networked attitude-oriented toolset,Tools,388.7,Zone_C,TAG_A449-E9B9-2483,2024-09-11
PROD_0801,Versatile 4thgeneration projection,Electronics,332.21,Zone_B,TAG_263E-67E6-02A3,2025-07-11
PROD_0802,Multi-tiered reciprocal installation,Sports,254.13,Zone_E,TAG_DE00-CC3C-F1E3,2025-05-24
PROD_0803,Adaptive well-modulated leverage,Electronics,269.8,Zone_D,TAG_4A08-F466-6FF7,2025-01-14
PROD_0804,Triple-buffered multi-tasking protocol,Books,458.45,Zone_A,TAG_2ADA-273B-F684,2024-09-29
PROD_0805,Intuitive content-based complexity,Electronics,163.6,Zone_E,TAG_62E0-1A86-CF27,2024-11-06
PROD_0806,Pre-emptive attitude-oriented interface,Sports,345.16,Zone_B,TAG_7DA4-A371-84C6,2025-05-02
PROD_0807,Networked radical alliance,Food,202.75,Zone_E,TAG_234C-A4E5-476D,2025-04-23
PROD_0808,Compatible systemic Graphic Interface,Tools,325.36,Zone_D,TAG_F4C6-A2D3-14E3,2025-04-10
PROD_0809,Programmable actuating support,Sports,72.93,Zone_C,TAG_818B-394E-5837,2025-01-15
PROD_0810,Fully-configurable local process improvement,Food,446.33,Zone_D,TAG_8364-3946-E541,2024-08-29
PROD_0811,Synchronized actuating paradigm,Tools,387.42,Zone_D,TAG_82F8-84AD-C540,2024-09-27
PROD_0812,Pre-emptive solution-oriented open architecture,Tools,225.24,Zone_D,TAG_5CEB-B85F-7059,2024-09-04
PROD_0813,Compatible 5thgeneration frame,Electronics,466.97,Zone_C,TAG_63DD-6DA8-6A83,2024-08-14
PROD_0814,Streamlined user-facing open system,Clothing,423.17,Zone_D,TAG_1D9D-9415-2056,2025-05-07
PROD_0815,Persistent encompassing matrices,Electronics,472.22,Zone_E,TAG_CF1D-8AA1-E7D4,2024-09-01
PROD_0816,Up-sized cohesive contingency,Sports,75.07,Zone_B,TAG_5931-CFC9-6855,2024-10-19
PROD_0817,Face-to-face real-time time-frame,Furniture,61.23,Zone_E,TAG_2D89-D491-2801,2024-11-14
PROD_0818,Customer-focused modular secured line,Food,364.34,Zone_C,TAG_AF89-34F1-35DE,2024-11-18
PROD_0819,Adaptive executive matrices,Books,191.17,Zone_E,TAG_2CAD-8C5A-FFD5,2025-06-23
PROD_0820,Programmable hybrid circuit,Furniture,419.88,Zone_A,TAG_CBFA-E79E-5225,2024-09-05
PROD_0821,Organized holistic structure,Books,432.06,Zone_C,TAG_4A9F-4BB5-6C25,2025-05-29
PROD_0822,Optional motivating alliance,Books,223.5,Zone_D,TAG_F878-0A1F-4AF5,2025-03-26
PROD_0823,Multi-lateral fresh-thinking secured line,Sports,252.86,Zone_B,TAG_8EA0-BB19-67E4,2025-05-28
PROD_0824,Integrated systematic encoding,Food,366.02,Zone_E,TAG_4ED8-1685-7A4E,2025-04-12
PROD_0825,Seamless 24/7 complexity,Tools,98.92,Zone_D,TAG_3A1F-1B84-5CA3,2025-03-28
PROD_0826,Virtual interactive website,Toys,366.65,Zone_B,TAG_7E13-2B5D-99A3,2025-01-09
PROD_0827,Integrated analyzing adapter,Tools,312.55,Zone_C,TAG_96AA-211F-1871,2025-06-14
PROD_0828,Profit-focused zero tolerance challenge,Sports,428.24,Zone_D,TAG_A641-A8B7-0731,2024-12-23
PROD_0829,Business-focused attitude-oriented analyzer,Electronics,30.99,Zone_C,TAG_B55A-0942-8A22,2025-03-21
PROD_0830,Centralized radical function,Furniture,347.65,Zone_B,TAG_CBFC-D7B8-FCC2,2025-07-29
PROD_0831,Phased national productivity,Electronics,375.85,Zone_E,TAG_51FA-A95A-A1A1,2025-05-25
PROD_0832,Grass-roots leadingedge solution,Clothing,405.24,Zone_B,TAG_7EB5-41AE-A15B,2025-03-18
PROD_0833,Customer-focused neutral conglomeration,Food,92.6,Zone_E,TAG_1FBE-EE14-555C,2024-10-09
PROD_0834,Right-sized secondary array,Toys,442.66,Zone_E,TAG_AA6F-B4B1-B950,2024-10-10
PROD_0835,Cloned context-sensitive parallelism,Furniture,454.84,Zone_C,TAG_D368-D6D2-BBD0,2024-09-07
PROD_0836,Upgradable high-level utilization,Electronics,410.51,Zone_E,TAG_9768-4A3C-B185,2024-09-14
PROD_0837,Fundamental client-server migration,Furniture,246.78,Zone_C,TAG_7089-9818-9AE4,2025-05-08
PROD_0838,Fundamental scalable Graphic Interface,Clothing,84.96,Zone_A,TAG_219E-8B24-9248,2025-05-06
PROD_0839,Team-oriented neutral frame,Clothing,30.17,Zone_E,TAG_D748-70BC-D761,2024-10-07
PROD_0840,Open-architected didactic monitoring,Sports,386.59,Zone_A,TAG_2210-F130-BD0C,2025-06-30
PROD_0841,Profound secondary protocol,Clothing,236.34,Zone_E,TAG_D328-3353-5C8A,2024-12-19
PROD_0842,Virtual intermediate frame,Food,450.24,Zone_B,TAG_8E19-B240-E5B7,2025-04-23
PROD_0843,Secured asymmetric circuit,Electronics,41.69,Zone_C,TAG_FB78-FC98-318A,2024-12-31
PROD_0844,Progressive solution-oriented contingency,Books,318.07,Zone_A,TAG_DF0D-C707-796E,2024-12-08
PROD_0845,Upgradable attitude-oriented adapter,Toys,370.89,Zone_C,TAG_F9A3-B0F1-05E1,2024-12-24
PROD_0846,Exclusive full-range functionalities,Clothing,443.63,Zone_A,TAG_0406-378B-6F77,2024-11-28
PROD_0847,Visionary non-volatile focus group,Electronics,467.09,Zone_A,TAG_B970-6092-85FB,2025-07-09
PROD_0848,Devolved 3rdgeneration orchestration,Food,215.37,Zone_A,TAG_2A38-F4D9-FA52,2025-07-16
PROD_0849,Grass-roots asymmetric benchmark,Clothing,495.17,Zone_D,TAG_44E4-3067-B6A9,2025-03-16
PROD_0850,Operative well-modulated interface,Toys,57.22,Zone_B,TAG_E6D0-9D09-158A,2025-01-13
PROD_0851,Open-architected static system engine,Furniture,71.63,Zone_A,TAG_24E9-0108-EE5D,2025-03-06
PROD_0852,Universal asynchronous matrix,Food,353.88,Zone_C,TAG_8BA2-8E11-DC2D,2025-03-15
PROD_0853,Stand-alone transitional implementation,Furniture,252.08,Zone_C,TAG_744F-9703-C99E,2024-09-29
PROD_0854,Adaptive encompassing implementation,Food,230.92,Zone_D,TAG_6E23-EC1D-C266,2025-02-17
PROD_0855,Business-focused analyzing functionalities,Books,356.33,Zone_A,TAG_3716-2B06-A3DF,2025-07-15
PROD_0856,Multi-channeled eco-centric knowledgebase,Sports,462.21,Zone_D,TAG_E2E7-746E-7406,2024-10-24
PROD_0857,Reduced non-volatile budgetary management,Furniture,445.86,Zone_C,TAG_F3C0-97B2-0A90,2024-10-20
PROD_0858,Quality-focused responsive strategy,Tools,62.44,Zone_E,TAG_4B8A-7AF5-7D15,2024-11-26
PROD_0859,Multi-channeled 24/7 moratorium,Toys,388.88,Zone_A,TAG_7306-EBB4-9D7B,2025-01-02
PROD_0860,Public-key hybrid customer loyalty,Tools,361.56,Zone_E,TAG_147D-15C8-F004,2025-04-19
PROD_0861,Polarized methodical core,Toys,112.22,Zone_B,TAG_7184-3473-3014,2024-12-31
PROD_0862,Synchronized system-worthy success,Toys,324.6,Zone_B,TAG_2049-6CC4-1429,2025-08-10
PROD_0863,Re-engineered interactive Graphical User Interface,Toys,493.53,Zone_B,TAG_5285-143A-5C8B,2025-06-10
PROD_0864,Organic stable standardization,Furniture,31.04,Zone_A,TAG_6228-A6BF-4E5E,2025-03-19
PROD_0865,Monitored foreground frame,Toys,105.21,Zone_D,TAG_31D3-D99D-54E4,2025-02-16
PROD_0866,De-engineered didactic contingency,Tools,272.61,Zone_B,TAG_A9F9-ADD5-4F30,2025-03-10
PROD_0867,Team-oriented zero tolerance website,Food,25.47,Zone_E,TAG_EBF4-1263-1E1B,2024-09-15
PROD_0868,Fully-configurable zero tolerance synergy,Toys,349.17,Zone_E,TAG_25FC-72A4-80B0,2024-11-09
PROD_0869,Profound bifurcated frame,Furniture,323.97,Zone_D,TAG_DDE2-C5C8-9F39,2025-06-09
PROD_0870,Customizable local leverage,Toys,194.17,Zone_C,TAG_C9EE-E08F-466B,2025-07-12
PROD_0871,Assimilated human-resource emulation,Toys,398.74,Zone_A,TAG_0414-B198-0DFF,2025-02-16
PROD_0872,Vision-oriented radical analyzer,Furniture,495.07,Zone_E,TAG_6D59-62E3-0BE3,2025-03-27
PROD_0873,Visionary foreground firmware,Electronics,79.57,Zone_B,TAG_4BF1-4397-AEE3,2024-10-28
PROD_0874,Stand-alone incremental benchmark,Toys,434.93,Zone_B,TAG_03F9-BA7B-0403,2025-01-21
PROD_0875,Open-architected analyzing interface,Food,162.56,Zone_B,TAG_C8EF-A681-FF3A,2024-10-11
PROD_0876,Diverse optimizing knowledge user,Clothing,404.15,Zone_C,TAG_0DB8-440E-61C3,2024-11-30
PROD_0877,Ameliorated bandwidth-monitored projection,Sports,461.64,Zone_C,TAG_E867-7299-0EDB,2025-07-31
PROD_0878,Proactive user-facing contingency,Tools,320.98,Zone_B,TAG_BD47-034A-FC23,2025-01-05
PROD_0879,Profit-focused zero administration concept,Furniture,122.71,Zone_C,TAG_1064-23BC-D957,2025-07-21
PROD_0880,Public-key empowering methodology,Sports,253.4,Zone_B,TAG_2BC9-2E4D-AF08,2024-12-14
PROD_0881,Self-enabling next generation customer loyalty,Toys,271.37,Zone_D,TAG_5F83-1E70-A3AD,2025-05-20
PROD_0882,Polarized foreground Internet solution,Sports,281.38,Zone_E,TAG_D461-664E-E724,2025-01-07
PROD_0883,Profound intangible installation,Books,195.37,Zone_E,TAG_F8EA-F62B-209E,2025-05-19
PROD_0884,Secured encompassing project,Furniture,297.41,Zone_A,TAG_3BD7-EA87-96DF,2025-07-19
PROD_0885,Robust zero tolerance application,Furniture,482.13,Zone_A,TAG_2912-CFA7-7E38,2025-05-14
PROD_0886,Synergized tangible artificial intelligence,Books,265.06,Zone_A,TAG_6725-EF51-46D9,2024-09-18
PROD_0887,Multi-channeled tertiary moderator,Food,35.63,Zone_A,TAG_4E37-5A1B-6DFF,2025-07-19
PROD_0888,Synergistic disintermediate knowledgebase,Food,466.01,Zone_A,TAG_F642-2DE8-9C07,2024-10-01
PROD_0889,Programmable client-server Graphic Interface,Sports,343.06,Zone_C,TAG_B119-CD93-E6EB,2024-11-05
PROD_0890,Streamlined logistical intranet,Sports,247.11,Zone_A,TAG_682A-809B-2CD7,2024-12-29
PROD_0891,Optimized 6thgeneration workforce,Electronics,353.6,Zone_A,TAG_D47C-DFB7-829A,2025-04-23
PROD_0892,Diverse user-facing instruction set,Food,388.5,Zone_E,TAG_8A70-4243-F589,2025-05-31
PROD_0893,Multi-tiered leadingedge capacity,Sports,290.83,Zone_E,TAG_761B-B4E5-5152,2025-04-13
PROD_0894,Reduced real-time matrices,Furniture,86.55,Zone_A,TAG_0509-FF4E-C7A2,2025-06-27
PROD_0895,Programmable systematic budgetary management,Sports,200.14,Zone_E,TAG_E947-5317-9197,2024-10-28
PROD_0896,Universal 24/7 protocol,Tools,456.1,Zone_D,TAG_DB05-3CEA-C525,2024-11-29
PROD_0897,Extended heuristic attitude,Clothing,453.42,Zone_A,TAG_C372-9CEC-6D8D,2024-12-01
PROD_0898,Balanced bottom-line analyzer,Books,25.33,Zone_E,TAG_F65D-2793-1AB0,2024-10-09
PROD_0899,Exclusive stable algorithm,Food,305.42,Zone_A,TAG_AF01-B906-B369,2024-11-24
PROD_0900,Business-focused eco-centric throughput,Books,452.61,Zone_C,TAG_B98C-3223-2CFC,2024-09-21
PROD_0901,Streamlined asymmetric paradigm,Sports,22.2,Zone_B,TAG_4E90-7A9F-C4FF,2025-05-24
PROD_0902,Adaptive optimizing productivity,Books,319.27,Zone_D,TAG_2B04-877E-ABBF,2024-12-19
PROD_0903,Down-sized neutral throughput,Sports,119.35,Zone_E,TAG_C043-6A75-1734,2025-07-13
PROD_0904,Expanded grid-enabled instruction set,Electronics,341.7,Zone_E,TAG_0532-9C74-91A8,2024-11-08
PROD_0905,Enterprise-wide incremental artificial intelligence,Sports,284.99,Zone_B,TAG_F3F9-2ED7-43C2,2024-10-03
PROD_0906,Enterprise-wide encompassing budgetary management,Clothing,245.22,Zone_A,TAG_7513-29F2-7B85,2025-02-02
PROD_0907,Ameliorated heuristic encoding,Tools,259.69,Zone_A,TAG_523E-47BD-0C0D,2025-05-08
PROD_0908,Focused cohesive complexity,Food,469.76,Zone_D,TAG_4EC6-DDCB-246D,2024-12-11
PROD_0909,Enterprise-wide disintermediate pricing structure,Toys,84.06,Zone_E,TAG_FE25-95B7-E291,2025-02-26
PROD_0910,Universal human-resource info-mediaries,Toys,283.84,Zone_C,TAG_A605-EA8E-28E7,2024-10-26
PROD_0911,Multi-lateral mobile artificial intelligence,Sports,470.14,Zone_E,TAG_3C9D-A4CE-ADA9,2024-11-06
PROD_0912,Function-based 5thgeneration product,Books,128.57,Zone_A,TAG_A1FA-0B52-858B,2024-10-13
PROD_0913,Organic mobile model,Tools,226.65,Zone_E,TAG_C5A0-41AA-FB39,2025-03-03
PROD_0914,Realigned neutral function,Food,326.35,Zone_A,TAG_23E7-4F73-D2A2,2024-09-26
PROD_0915,Programmable dynamic data-warehouse,Tools,183.09,Zone_C,TAG_638D-C9C4-47C0,2024-08-27
PROD_0916,Extended context-sensitive instruction set,Clothing,374.45,Zone_D,TAG_1EFC-9F43-8FEA,2025-04-11
PROD_0917,Integrated explicit Graphical User Interface,Electronics,170.14,Zone_E,TAG_5502-C166-3DBB,2024-08-19
PROD_0918,Multi-layered systematic leverage,Toys,266.71,Zone_C,TAG_FEAC-7B0B-3FE4,2025-03-14
PROD_0919,Universal web-enabled capability,Furniture,352.4,Zone_D,TAG_559C-96F9-051D,2025-06-17
PROD_0920,Cloned stable Graphic Interface,Books,406.92,Zone_D,TAG_79E7-56DE-B0BE,2024-10-04
PROD_0921,Front-line asynchronous neural-net,Tools,121.1,Zone_B,TAG_F54B-AC99-903C,2025-05-26
PROD_0922,Front-line non-volatile pricing structure,Books,285.79,Zone_C,TAG_62AD-F214-C6B0,2024-12-13
PROD_0923,Centralized upward-trending time-frame,Books,121.8,Zone_A,TAG_F702-E701-26DC,2025-01-18
PROD_0924,Configurable multimedia analyzer,Sports,283.38,Zone_B,TAG_6537-A575-EF24,2025-04-04
PROD_0925,Triple-buffered multimedia benchmark,Electronics,211.59,Zone_C,TAG_1B99-4109-7CAB,2024-09-24
PROD_0926,Enhanced hybrid service-desk,Clothing,254.4,Zone_B,TAG_E0C3-F70E-024E,2024-11-16
PROD_0927,Programmable 3rdgeneration array,Sports,448.43,Zone_B,TAG_7B17-04D3-FF5B,2025-02-20
PROD_0928,Integrated client-driven array,Books,182.26,Zone_C,TAG_5B67-2A7A-ED59,2024-11-24
PROD_0929,Synchronized non-volatile emulation,Toys,365.71,Zone_C,TAG_5ADD-D485-9E76,2025-03-03
PROD_0930,Up-sized zero administration open architecture,Toys,456.5,Zone_E,TAG_79A8-FF64-E80D,2025-04-04
PROD_0931,Extended contextually-based methodology,Food,143.43,Zone_A,TAG_7B95-6F96-54E0,2025-05-26
PROD_0932,Stand-alone uniform synergy,Tools,309.06,Zone_B,TAG_0509-6D37-7B2E,2024-08-28
PROD_0933,Assimilated hybrid contingency,Toys,379.27,Zone_E,TAG_EF14-B3D1-BDFA,2024-10-03
PROD_0934,Managed static focus group,Food,179.74,Zone_A,TAG_AFCC-739D-C7FF,2024-11-16
PROD_0935,Operative grid-enabled application,Food,104.91,Zone_C,TAG_D7BA-5A6E-8BA5,2025-07-19
PROD_0936,Optional methodical info-mediaries,Electronics,252.86,Zone_E,TAG_5DB6-1722-DFC0,2025-01-28
PROD_0937,Managed 24hour hardware,Books,320.74,Zone_B,TAG_BF0A-FB8B-F5F9,2025-07-16
PROD_0938,User-centric mobile access,Clothing,147.63,Zone_C,TAG_0AD7-7226-6A06,2024-10-29
PROD_0939,Customizable system-worthy extranet,Food,405.61,Zone_D,TAG_EAF6-3F9E-7998,2025-05-13
PROD_0940,Open-source client-server process improvement,Books,114.23,Zone_B,TAG_2880-28D2-F020,2025-01-08
PROD_0941,Expanded 5thgeneration archive,Furniture,456.17,Zone_A,TAG_07E7-BBFE-7680,2025-07-17
PROD_0942,Distributed explicit knowledge user,Clothing,137.64,Zone_D,TAG_B7C2-09BC-86A4,2025-04-21
PROD_0943,Self-enabling leadingedge encoding,Clothing,263.71,Zone_A,TAG_EA3B-1792-AC26,2025-03-05
PROD_0944,Diverse user-facing synergy,Toys,10.32,Zone_D,TAG_D001-1CA6-92DC,2024-09-06
PROD_0945,Up-sized fresh-thinking structure,Toys,144.71,Zone_A,TAG_E274-EF7E-9E4A,2025-07-08
PROD_0946,Cross-platform coherent open system,Books,11.39,Zone_B,TAG_A6C4-99D8-4CCD,2024-11-24
PROD_0947,Enhanced executive application,Sports,175.79,Zone_E,TAG_4928-6126-09DC,2025-01-03
PROD_0948,Balanced asynchronous projection,Toys,143.52,Zone_E,TAG_8CB5-DD45-C9F0,2024-09-16
PROD_0949,Robust human-resource instruction set,Sports,226.63,Zone_A,TAG_9D6B-845B-6DD0,2024-12-27
PROD_0950,Front-line mission-critical circuit,Books,106.4,Zone_E,TAG_4498-7126-A43E,2025-01-10
PROD_0951,Persevering object-oriented instruction set,Food,127.98,Zone_D,TAG_407F-F3A6-2FBB,2025-08-01
PROD_0952,User-friendly content-based matrices,Sports,26.46,Zone_D,TAG_5DA1-F086-9428,2024-09-06
PROD_0953,Down-sized exuding interface,Books,313.95,Zone_B,TAG_55AE-FD98-5C1A,2024-11-04
PROD_0954,Integrated real-time knowledgebase,Toys,113.18,Zone_A,TAG_BF89-6654-29AB,2025-03-20
PROD_0955,Configurable fresh-thinking concept,Tools,104.8,Zone_B,TAG_2B21-A858-6C6B,2025-04-21
PROD_0956,Profound hybrid parallelism,Toys,372.08,Zone_B,TAG_5B52-831C-4CD2,2024-11-18
PROD_0957,Monitored discrete implementation,Tools,186.01,Zone_B,TAG_F7BD-3E38-354F,2025-03-28
PROD_0958,Pre-emptive explicit adapter,Clothing,442.73,Zone_B,TAG_F1A1-8A40-17BE,2025-01-14
PROD_0959,Synergistic hybrid monitoring,Tools,199.67,Zone_D,TAG_2DCB-3D2E-263A,2025-04-30
PROD_0960,Centralized background challenge,Sports,271.15,Zone_B,TAG_68D3-0750-6567,2024-10-17
PROD_0961,Team-oriented didactic productivity,Clothing,397.0,Zone_A,TAG_BBE4-E799-C1E0,2025-03-17
PROD_0962,Cross-group multi-state budgetary management,Clothing,219.61,Zone_A,TAG_536A-EACF-BEC6,2025-07-25
PROD_0963,Upgradable local support,Electronics,426.62,Zone_A,TAG_D2A4-FF50-61E2,2025-05-23
PROD_0964,Reactive global functionalities,Electronics,231.55,Zone_D,TAG_DE89-BE9A-8D79,2024-12-24
PROD_0965,Up-sized mobile portal,Furniture,102.21,Zone_A,TAG_4333-5F19-1A3C,2025-06-24
PROD_0966,Customer-focused empowering portal,Tools,421.97,Zone_C,TAG_AE77-E29B-4C72,2025-04-04
PROD_0967,Self-enabling optimal forecast,Electronics,124.4,Zone_B,TAG_FC1B-0D32-F6CA,2025-05-27
PROD_0968,Assimilated background monitoring,Sports,47.35,Zone_D,TAG_341E-57EA-5B6B,2025-07-20
PROD_0969,User-friendly tertiary frame,Food,52.81,Zone_C,TAG_6243-CE8E-1FEF,2025-05-08
PROD_0970,Polarized stable policy,Tools,213.14,Zone_D,TAG_C720-AFA2-4B1C,2024-09-27
PROD_0971,Multi-lateral optimizing monitoring,Furniture,407.11,Zone_E,TAG_F8F5-F495-399A,2025-07-11
PROD_0972,Enhanced scalable artificial intelligence,Tools,497.19,Zone_C,TAG_E47A-4D99-AB63,2025-03-29
PROD_0973,Re-engineered interactive interface,Electronics,112.13,Zone_D,TAG_3175-0DA9-07DE,2025-04-30
PROD_0974,Business-focused radical utilization,Furniture,303.59,Zone_C,TAG_1C14-72AC-2D55,2024-10-19
PROD_0975,Grass-roots cohesive infrastructure,Tools,472.77,Zone_B,TAG_801B-CB8A-DDC1,2024-10-11
PROD_0976,Operative zero administration archive,Electronics,465.13,Zone_A,TAG_1650-BF81-CF22,2024-12-31
PROD_0977,Centralized grid-enabled orchestration,Food,25.7,Zone_D,TAG_A92B-E696-78AB,2024-08-21
PROD_0978,Multi-lateral background time-frame,Toys,241.85,Zone_C,TAG_BB10-CA63-8402,2024-12-19
PROD_0979,Open-architected analyzing middleware,Clothing,183.1,Zone_C,TAG_0C71-DCFD-B29C,2025-04-29
PROD_0980,Reactive regional hub,Furniture,204.69,Zone_D,TAG_DE1B-0ACF-6315,2025-02-18
PROD_0981,Public-key local hardware,Furniture,183.27,Zone_E,TAG_B73E-171B-B298,2025-08-02
PROD_0982,Stand-alone human-resource alliance,Food,370.83,Zone_D,TAG_C038-8DE0-773E,2025-01-31
PROD_0983,User-friendly dynamic access,Clothing,378.03,Zone_C,TAG_0E49-64E6-A874,2025-08-03
PROD_0984,Re-contextualized multi-state artificial intelligence,Tools,15.12,Zone_E,TAG_851C-EEB7-75B6,2025-08-11
PROD_0985,Business-focused national emulation,Tools,250.58,Zone_E,TAG_574C-D8C5-7D01,2025-07-05
PROD_0986,Virtual 24/7 secured line,Toys,57.45,Zone_D,TAG_2FCF-BF24-51C6,2025-01-01
PROD_0987,Open-architected secondary model,Toys,216.05,Zone_C,TAG_AC11-CA5A-7DB5,2025-05-20
PROD_0988,Function-based holistic migration,Tools,380.85,Zone_B,TAG_EDDB-A174-5225,2025-07-11
PROD_0989,Universal next generation Local Area Network,Sports,198.78,Zone_E,TAG_8E69-2BB4-D49F,2025-03-20
PROD_0990,Optimized heuristic protocol,Food,118.59,Zone_A,TAG_371B-375E-8AD1,2025-07-16
PROD_0991,Business-focused incremental alliance,Books,486.74,Zone_D,TAG_5162-C716-4CC9,2025-02-05
PROD_0992,Reduced static middleware,Food,240.44,Zone_B,TAG_36B5-A580-0F75,2024-12-14
PROD_0993,Re-engineered foreground solution,Electronics,217.43,Zone_B,TAG_C1E5-E7D5-5811,2024-12-20
PROD_0994,Focused responsive circuit,Food,314.28,Zone_A,TAG_E799-00B9-03DE,2025-06-17
PROD_0995,Programmable content-based architecture,Tools,112.55,Zone_D,TAG_C4A4-68D3-61B2,2025-01-15
PROD_0996,Triple-buffered responsive model,Furniture,143.97,Zone_B,TAG_B9B1-382F-5DC2,2024-12-24
PROD_0997,Expanded web-enabled secured line,Clothing,442.07,Zone_B,TAG_C1AF-7AC5-2D3C,2025-03-16
PROD_0998,Inverse contextually-based process improvement,Clothing,144.59,Zone_D,TAG_28FD-DADA-278C,2025-05-21
PROD_0999,Optional responsive array,Toys,64.56,Zone_C,TAG_0B7F-60D8-1361,2025-03-31
